design_id,sequence,design_type,designed_pdb,predicted_pdb,plddt,plddt_catalytic,pae_interaction,scrmsd,scrmsd_orthogonal,tm_to_pdb,solubility,rosetta_dG,shape_complementarity,md_rmsd,catalytic_geom_rmsd,extra,layers_passed,score,notes
EXAMPLE_DATA_CDR1_A33I,,antibody,,,70.0,,5.0,0.64,,,-0.0,,,,,"{'esm1v': 0.21, 'ablang': 0.134, 'n_liabilities': 0, 'mutations': 'A33I', 'cdr': 'CDR1', 'synthetic': True}",3,3.8933,[]
EXAMPLE_DATA_CDR2_S49C,,antibody,,,70.0,,5.0,0.68,,,-1.0,,,,,"{'esm1v': -1.582, 'ablang': 0.26, 'n_liabilities': 1, 'mutations': 'S49C', 'cdr': 'CDR2', 'synthetic': True}",3,3.8533,[]
EXAMPLE_DATA_CDR3_D95K,,antibody,,,70.0,,5.0,0.72,,,-0.0,,,,,"{'esm1v': -2.402, 'ablang': 0.987, 'n_liabilities': 0, 'mutations': 'D95K', 'cdr': 'CDR3', 'synthetic': True}",3,3.8133,[]
EXAMPLE_DATA_CDR1_A33Y,,antibody,,,70.0,,5.0,0.76,,,-0.0,,,,,"{'esm1v': -0.126, 'ablang': 0.08, 'n_liabilities': 0, 'mutations': 'A33Y', 'cdr': 'CDR1', 'synthetic': True}",3,3.7733,[]
EXAMPLE_DATA_CDR3_Y93L,,antibody,,,70.0,,7.0,0.62,,,-0.0,,,,,"{'esm1v': -2.607, 'ablang': 0.95, 'n_liabilities': 0, 'mutations': 'Y93L', 'cdr': 'CDR3', 'synthetic': True}",3,3.7467,[]
EXAMPLE_DATA_CDR2_T55N,,antibody,,,70.0,,6.0,0.81,,,-0.0,,,,,"{'esm1v': -1.501, 'ablang': 0.786, 'n_liabilities': 0, 'mutations': 'T55N', 'cdr': 'CDR2', 'synthetic': True}",3,3.64,[]
EXAMPLE_DATA_CDR3_R87I,,antibody,,,70.0,,6.0,0.81,,,-0.0,,,,,"{'esm1v': -0.819, 'ablang': 0.062, 'n_liabilities': 0, 'mutations': 'R87I', 'cdr': 'CDR3', 'synthetic': True}",3,3.64,[]
EXAMPLE_DATA_CDR3_Y93V,,antibody,,,70.0,,6.0,0.85,,,-0.0,,,,,"{'esm1v': -0.263, 'ablang': 0.019, 'n_liabilities': 0, 'mutations': 'Y93V', 'cdr': 'CDR3', 'synthetic': True}",3,3.6,[]
EXAMPLE_DATA_CDR3_G92N,,antibody,,,70.0,,5.0,1.0,,,-0.0,,,,,"{'esm1v': -0.705, 'ablang': 0.76, 'n_liabilities': 0, 'mutations': 'G92N', 'cdr': 'CDR3', 'synthetic': True}",3,3.5333,[]
EXAMPLE_DATA_CDR1_F27A,,antibody,,,70.0,,6.0,0.93,,,-0.0,,,,,"{'esm1v': 2.007, 'ablang': 0.763, 'n_liabilities': 0, 'mutations': 'F27A', 'cdr': 'CDR1', 'synthetic': True}",3,3.52,[]
EXAMPLE_DATA_CDR1_S30F,,antibody,,,70.0,,10.0,0.61,,,-0.0,,,,,"{'esm1v': -1.06, 'ablang': 0.928, 'n_liabilities': 0, 'mutations': 'S30F', 'cdr': 'CDR1', 'synthetic': True}",3,3.5067,[]
EXAMPLE_DATA_CDR2_G52A,,antibody,,,70.0,,7.0,0.86,,,-0.0,,,,,"{'esm1v': 1.063, 'ablang': 0.59, 'n_liabilities': 0, 'mutations': 'G52A', 'cdr': 'CDR2', 'synthetic': True}",3,3.5067,[]
EXAMPLE_DATA_CDR2_G53M,,antibody,,,70.0,,7.0,0.9,,,-1.0,,,,,"{'esm1v': -2.873, 'ablang': 0.739, 'n_liabilities': 1, 'mutations': 'G53M', 'cdr': 'CDR2', 'synthetic': True}",3,3.4667,[]
EXAMPLE_DATA_CDR2_S54H,,antibody,,,70.0,,11.0,0.62,,,-0.0,,,,,"{'esm1v': -1.571, 'ablang': 0.762, 'n_liabilities': 0, 'mutations': 'S54H', 'cdr': 'CDR2', 'synthetic': True}",3,3.4133,[]
EXAMPLE_DATA_CDR2_S54M,,antibody,,,70.0,,6.0,1.05,,,-1.0,,,,,"{'esm1v': -1.083, 'ablang': 0.659, 'n_liabilities': 1, 'mutations': 'S54M', 'cdr': 'CDR2', 'synthetic': True}",3,3.4,[]
EXAMPLE_DATA_CDR1_D31S,,antibody,,,70.0,,10.0,0.73,,,-0.0,,,,,"{'esm1v': -1.355, 'ablang': 0.807, 'n_liabilities': 0, 'mutations': 'D31S', 'cdr': 'CDR1', 'synthetic': True}",3,3.3867,[]
EXAMPLE_DATA_CDR1_A33Q,,antibody,,,70.0,,5.0,1.16,,,-0.0,,,,,"{'esm1v': -1.487, 'ablang': 0.287, 'n_liabilities': 0, 'mutations': 'A33Q', 'cdr': 'CDR1', 'synthetic': True}",3,3.3733,[]
EXAMPLE_DATA_CDR3_L91P,,antibody,,,70.0,,5.0,1.16,,,-0.0,,,,,"{'esm1v': -1.337, 'ablang': 0.218, 'n_liabilities': 0, 'mutations': 'L91P', 'cdr': 'CDR3', 'synthetic': True}",3,3.3733,[]
EXAMPLE_DATA_CDR1_D31I,,antibody,,,70.0,,10.0,0.77,,,-0.0,,,,,"{'esm1v': 0.547, 'ablang': 0.28, 'n_liabilities': 0, 'mutations': 'D31I', 'cdr': 'CDR1', 'synthetic': True}",3,3.3467,[]
EXAMPLE_DATA_CDR2_G52D,,antibody,,,70.0,,10.0,0.77,,,-1.0,,,,,"{'esm1v': -1.429, 'ablang': 0.305, 'n_liabilities': 1, 'mutations': 'G52D', 'cdr': 'CDR2', 'synthetic': True}",3,3.3467,[]
EXAMPLE_DATA_CDR2_I48L,,antibody,,,70.0,,11.0,0.74,,,-0.0,,,,,"{'esm1v': -2.184, 'ablang': 0.203, 'n_liabilities': 0, 'mutations': 'I48L', 'cdr': 'CDR2', 'synthetic': True}",3,3.2933,[]
EXAMPLE_DATA_CDR2_S54D,,antibody,,,70.0,,6.0,1.17,,,-0.0,,,,,"{'esm1v': 0.579, 'ablang': 0.314, 'n_liabilities': 0, 'mutations': 'S54D', 'cdr': 'CDR2', 'synthetic': True}",3,3.28,[]
EXAMPLE_DATA_MPNN_CDR1_000,,antibody,,,70.0,,9.0,0.92,,,-1.0,,,,,"{'esm1v': nan, 'ablang': 0.069, 'n_liabilities': 1, 'mutations': 'G26T+F27C+T28R+F29Y+S30K+D31G+Y32R+A33N', 'cdr': 'CDR1', 'synthetic': True}",3,3.28,[]
EXAMPLE_DATA_CDR3_L91R,,antibody,,,70.0,,10.0,0.85,,,-0.0,,,,,"{'esm1v': -0.358, 'ablang': 0.648, 'n_liabilities': 0, 'mutations': 'L91R', 'cdr': 'CDR3', 'synthetic': True}",3,3.2667,[]
EXAMPLE_DATA_CDR2_G52K,,antibody,,,70.0,,8.0,1.03,,,-0.0,,,,,"{'esm1v': -1.811, 'ablang': 0.364, 'n_liabilities': 0, 'mutations': 'G52K', 'cdr': 'CDR2', 'synthetic': True}",3,3.2533,[]
EXAMPLE_DATA_CDR2_G53S,,antibody,,,70.0,,6.0,1.21,,,-0.0,,,,,"{'esm1v': 1.968, 'ablang': 0.097, 'n_liabilities': 0, 'mutations': 'G53S', 'cdr': 'CDR2', 'synthetic': True}",3,3.24,[]
EXAMPLE_DATA_CDR3_A86Q,,antibody,,,70.0,,12.0,0.71,,,-0.0,,,,,"{'esm1v': -1.562, 'ablang': 0.237, 'n_liabilities': 0, 'mutations': 'A86Q', 'cdr': 'CDR3', 'synthetic': True}",3,3.24,[]
EXAMPLE_DATA_CDR3_Y96L,,antibody,,,70.0,,7.0,1.14,,,-0.0,,,,,"{'esm1v': -2.16, 'ablang': 0.826, 'n_liabilities': 0, 'mutations': 'Y96L', 'cdr': 'CDR3', 'synthetic': True}",3,3.2267,[]
EXAMPLE_DATA_CDR1_D31Y,,antibody,,,70.0,,8.0,1.07,,,-0.0,,,,,"{'esm1v': 1.866, 'ablang': 0.755, 'n_liabilities': 0, 'mutations': 'D31Y', 'cdr': 'CDR1', 'synthetic': True}",3,3.2133,[]
EXAMPLE_DATA_CDR3_G90R,,antibody,,,70.0,,5.0,1.32,,,-0.0,,,,,"{'esm1v': 2.733, 'ablang': 0.215, 'n_liabilities': 0, 'mutations': 'G90R', 'cdr': 'CDR3', 'synthetic': True}",3,3.2133,[]
EXAMPLE_DATA_CDR1_S30P,,antibody,,,70.0,,12.0,0.75,,,-0.0,,,,,"{'esm1v': 0.519, 'ablang': 0.407, 'n_liabilities': 0, 'mutations': 'S30P', 'cdr': 'CDR1', 'synthetic': True}",3,3.2,[]
EXAMPLE_DATA_CDR2_I48N,,antibody,,,70.0,,12.0,0.75,,,-1.0,,,,,"{'esm1v': -1.349, 'ablang': 0.227, 'n_liabilities': 1, 'mutations': 'I48N', 'cdr': 'CDR2', 'synthetic': True}",3,3.2,[]
EXAMPLE_DATA_CDR1_G26H,,antibody,,,70.0,,7.0,1.18,,,-0.0,,,,,"{'esm1v': -0.965, 'ablang': 0.592, 'n_liabilities': 0, 'mutations': 'G26H', 'cdr': 'CDR1', 'synthetic': True}",3,3.1867,[]
EXAMPLE_DATA_CDR2_G53L,,antibody,,,70.0,,10.0,0.93,,,-0.0,,,,,"{'esm1v': 1.043, 'ablang': 0.455, 'n_liabilities': 0, 'mutations': 'G53L', 'cdr': 'CDR2', 'synthetic': True}",3,3.1867,[]
EXAMPLE_DATA_CDR3_G90N,,antibody,,,70.0,,11.0,0.86,,,-0.0,,,,,"{'esm1v': 0.087, 'ablang': 0.717, 'n_liabilities': 0, 'mutations': 'G90N', 'cdr': 'CDR3', 'synthetic': True}",3,3.1733,[]
EXAMPLE_DATA_MPNN_CDR2_003,,antibody,,,70.0,,9.0,1.04,,,-1.0,,,,,"{'esm1v': nan, 'ablang': 0.109, 'n_liabilities': 1, 'mutations': 'I48R+S49E+G50P+S51C+G52D+G53Y+S54P+T55V', 'cdr': 'CDR2', 'synthetic': True}",3,3.16,[]
EXAMPLE_DATA_CDR1_G26C,,antibody,,,70.0,,5.0,1.4,,,-1.0,,,,,"{'esm1v': 2.098, 'ablang': 0.557, 'n_liabilities': 1, 'mutations': 'G26C', 'cdr': 'CDR1', 'synthetic': True}",3,3.1333,[]
EXAMPLE_DATA_CDR3_A86C,,antibody,,,70.0,,6.0,1.33,,,-1.0,,,,,"{'esm1v': -1.501, 'ablang': 0.573, 'n_liabilities': 1, 'mutations': 'A86C', 'cdr': 'CDR3', 'synthetic': True}",3,3.12,[]
EXAMPLE_DATA_MPNN_CDR1_006,,antibody,,,70.0,,12.0,0.83,,,-1.0,,,,,"{'esm1v': nan, 'ablang': 0.826, 'n_liabilities': 1, 'mutations': 'G26R+F27I+T28K+F29L+S30M+D31S+Y32K+A33V', 'cdr': 'CDR1', 'synthetic': True}",3,3.12,[]
EXAMPLE_DATA_CDR1_D31W,,antibody,,,70.0,,7.0,1.26,,,-1.0,,,,,"{'esm1v': -2.158, 'ablang': 0.842, 'n_liabilities': 1, 'mutations': 'D31W', 'cdr': 'CDR1', 'synthetic': True}",3,3.1067,[]
EXAMPLE_DATA_CDR3_R87F,,antibody,,,70.0,,10.0,1.01,,,-0.0,,,,,"{'esm1v': -2.916, 'ablang': 0.095, 'n_liabilities': 0, 'mutations': 'R87F', 'cdr': 'CDR3', 'synthetic': True}",3,3.1067,[]
EXAMPLE_DATA_CDR1_F27Q,,antibody,,,70.0,,6.0,1.37,,,-0.0,,,,,"{'esm1v': 2.701, 'ablang': 0.338, 'n_liabilities': 0, 'mutations': 'F27Q', 'cdr': 'CDR1', 'synthetic': True}",3,3.08,[]
EXAMPLE_DATA_CDR2_I48S,,antibody,,,70.0,,5.0,1.48,,,-0.0,,,,,"{'esm1v': 0.742, 'ablang': 0.446, 'n_liabilities': 0, 'mutations': 'I48S', 'cdr': 'CDR2', 'synthetic': True}",3,3.0533,[]
EXAMPLE_DATA_CDR1_A33W,,antibody,,,70.0,,9.0,1.16,,,-1.0,,,,,"{'esm1v': 0.956, 'ablang': 0.986, 'n_liabilities': 1, 'mutations': 'A33W', 'cdr': 'CDR1', 'synthetic': True}",3,3.04,[]
EXAMPLE_DATA_CDR2_S49W,,antibody,,,70.0,,6.0,1.41,,,-1.0,,,,,"{'esm1v': 2.327, 'ablang': 0.043, 'n_liabilities': 1, 'mutations': 'S49W', 'cdr': 'CDR2', 'synthetic': True}",3,3.04,[]
EXAMPLE_DATA_CDR3_R89C,,antibody,,,70.0,,12.0,0.91,,,-1.0,,,,,"{'esm1v': -1.997, 'ablang': 0.2, 'n_liabilities': 1, 'mutations': 'R89C', 'cdr': 'CDR3', 'synthetic': True}",3,3.04,[]
EXAMPLE_DATA_CDR1_T28L,,antibody,,,70.0,,10.0,1.13,,,-0.0,,,,,"{'esm1v': 0.422, 'ablang': 0.785, 'n_liabilities': 0, 'mutations': 'T28L', 'cdr': 'CDR1', 'synthetic': True}",3,2.9867,[]
EXAMPLE_DATA_CDR1_S30T,,antibody,,,70.0,,5.0,1.56,,,-0.0,,,,,"{'esm1v': -1.122, 'ablang': 0.091, 'n_liabilities': 0, 'mutations': 'S30T', 'cdr': 'CDR1', 'synthetic': True}",3,2.9733,[]
EXAMPLE_DATA_CDR1_A33R,,antibody,,,70.0,,8.0,1.31,,,-0.0,,,,,"{'esm1v': -2.077, 'ablang': 0.812, 'n_liabilities': 0, 'mutations': 'A33R', 'cdr': 'CDR1', 'synthetic': True}",3,2.9733,[]
EXAMPLE_DATA_CDR2_I48A,,antibody,,,70.0,,5.0,1.56,,,-0.0,,,,,"{'esm1v': -0.807, 'ablang': 0.288, 'n_liabilities': 0, 'mutations': 'I48A', 'cdr': 'CDR2', 'synthetic': True}",3,2.9733,[]
EXAMPLE_DATA_CDR2_G52R,,antibody,,,70.0,,11.0,1.06,,,-0.0,,,,,"{'esm1v': 2.493, 'ablang': 0.326, 'n_liabilities': 0, 'mutations': 'G52R', 'cdr': 'CDR2', 'synthetic': True}",3,2.9733,[]
EXAMPLE_DATA_CDR2_T55I,,antibody,,,70.0,,6.0,1.49,,,-0.0,,,,,"{'esm1v': -1.558, 'ablang': 0.131, 'n_liabilities': 0, 'mutations': 'T55I', 'cdr': 'CDR2', 'synthetic': True}",3,2.96,[]
EXAMPLE_DATA_CDR3_Y96R,,antibody,,,70.0,,12.0,0.99,,,-0.0,,,,,"{'esm1v': -2.407, 'ablang': 0.224, 'n_liabilities': 0, 'mutations': 'Y96R', 'cdr': 'CDR3', 'synthetic': True}",3,2.96,[]
EXAMPLE_DATA_CDR3_R87V,,antibody,,,70.0,,10.0,1.17,,,-0.0,,,,,"{'esm1v': -0.67, 'ablang': 0.83, 'n_liabilities': 0, 'mutations': 'R87V', 'cdr': 'CDR3', 'synthetic': True}",3,2.9467,[]
EXAMPLE_DATA_MPNN_CDR1_001,,antibody,,,70.0,,7.0,1.42,,,-1.0,,,,,"{'esm1v': nan, 'ablang': 0.705, 'n_liabilities': 1, 'mutations': 'G26I+F27A+T28V+F29D+S30N+D31K+Y32Q+A33W', 'cdr': 'CDR1', 'synthetic': True}",3,2.9467,[]
EXAMPLE_DATA_CDR3_G90P,,antibody,,,70.0,,7.0,1.46,,,-0.0,,,,,"{'esm1v': -2.345, 'ablang': 0.618, 'n_liabilities': 0, 'mutations': 'G90P', 'cdr': 'CDR3', 'synthetic': True}",3,2.9067,[]
EXAMPLE_DATA_CDR1_F27I,,antibody,,,70.0,,5.0,1.64,,,-0.0,,,,,"{'esm1v': 1.785, 'ablang': 0.751, 'n_liabilities': 0, 'mutations': 'F27I', 'cdr': 'CDR1', 'synthetic': True}",3,2.8933,[]
EXAMPLE_DATA_CDR1_A33P,,antibody,,,70.0,,11.0,1.14,,,-0.0,,,,,"{'esm1v': -1.545, 'ablang': 0.302, 'n_liabilities': 0, 'mutations': 'A33P', 'cdr': 'CDR1', 'synthetic': True}",3,2.8933,[]
EXAMPLE_DATA_CDR2_G50R,,antibody,,,70.0,,11.0,1.14,,,-0.0,,,,,"{'esm1v': 1.672, 'ablang': 0.964, 'n_liabilities': 0, 'mutations': 'G50R', 'cdr': 'CDR2', 'synthetic': True}",3,2.8933,[]
EXAMPLE_DATA_CDR2_G53T,,antibody,,,70.0,,8.0,1.39,,,-0.0,,,,,"{'esm1v': 1.429, 'ablang': 0.408, 'n_liabilities': 0, 'mutations': 'G53T', 'cdr': 'CDR2', 'synthetic': True}",3,2.8933,[]
EXAMPLE_DATA_CDR1_Y32A,,antibody,,,70.0,,12.0,1.07,,,-0.0,,,,,"{'esm1v': 1.622, 'ablang': 0.565, 'n_liabilities': 0, 'mutations': 'Y32A', 'cdr': 'CDR1', 'synthetic': True}",3,2.88,[]
EXAMPLE_DATA_CDR1_Y32L,,antibody,,,70.0,,6.0,1.57,,,-0.0,,,,,"{'esm1v': -2.046, 'ablang': 0.593, 'n_liabilities': 0, 'mutations': 'Y32L', 'cdr': 'CDR1', 'synthetic': True}",3,2.88,[]
EXAMPLE_DATA_CDR1_T28C,,antibody,,,70.0,,9.0,1.36,,,-1.0,,,,,"{'esm1v': -2.881, 'ablang': 0.648, 'n_liabilities': 1, 'mutations': 'T28C', 'cdr': 'CDR1', 'synthetic': True}",3,2.84,[]
EXAMPLE_DATA_CDR3_G90C,,antibody,,,70.0,,9.0,1.36,,,-1.0,,,,,"{'esm1v': 2.799, 'ablang': 0.866, 'n_liabilities': 1, 'mutations': 'G90C', 'cdr': 'CDR3', 'synthetic': True}",3,2.84,[]
EXAMPLE_DATA_CDR3_L91M,,antibody,,,70.0,,7.0,1.54,,,-1.0,,,,,"{'esm1v': 0.845, 'ablang': 0.256, 'n_liabilities': 1, 'mutations': 'L91M', 'cdr': 'CDR3', 'synthetic': True}",3,2.8267,[]
EXAMPLE_DATA_CDR3_Y96N,,antibody,,,70.0,,5.0,1.72,,,-0.0,,,,,"{'esm1v': 0.406, 'ablang': 0.48, 'n_liabilities': 0, 'mutations': 'Y96N', 'cdr': 'CDR3', 'synthetic': True}",3,2.8133,[]
EXAMPLE_DATA_CDR1_F29M,,antibody,,,70.0,,7.0,1.58,,,-1.0,,,,,"{'esm1v': -0.654, 'ablang': 0.443, 'n_liabilities': 1, 'mutations': 'F29M', 'cdr': 'CDR1', 'synthetic': True}",3,2.7867,[]
EXAMPLE_DATA_CDR1_F29K,,antibody,,,70.0,,5.0,1.76,,,-0.0,,,,,"{'esm1v': 2.923, 'ablang': 0.346, 'n_liabilities': 0, 'mutations': 'F29K', 'cdr': 'CDR1', 'synthetic': True}",3,2.7733,[]
EXAMPLE_DATA_CDR3_L91D,,antibody,,,70.0,,8.0,1.51,,,-1.0,,,,,"{'esm1v': -0.505, 'ablang': 0.766, 'n_liabilities': 1, 'mutations': 'L91D', 'cdr': 'CDR3', 'synthetic': True}",3,2.7733,[]
EXAMPLE_DATA_CDR1_D31H,,antibody,,,70.0,,12.0,1.19,,,-0.0,,,,,"{'esm1v': -1.925, 'ablang': 0.683, 'n_liabilities': 0, 'mutations': 'D31H', 'cdr': 'CDR1', 'synthetic': True}",3,2.76,[]
EXAMPLE_DATA_CDR3_R87P,,antibody,,,70.0,,9.0,1.44,,,-0.0,,,,,"{'esm1v': -2.18, 'ablang': 0.588, 'n_liabilities': 0, 'mutations': 'R87P', 'cdr': 'CDR3', 'synthetic': True}",3,2.76,[]
EXAMPLE_DATA_CDR3_Y96A,,antibody,,,70.0,,9.0,1.44,,,-0.0,,,,,"{'esm1v': 2.25, 'ablang': 0.235, 'n_liabilities': 0, 'mutations': 'Y96A', 'cdr': 'CDR3', 'synthetic': True}",3,2.76,[]
EXAMPLE_DATA_CDR1_F27K,,antibody,,,70.0,,10.0,1.37,,,-0.0,,,,,"{'esm1v': 1.224, 'ablang': 0.531, 'n_liabilities': 0, 'mutations': 'F27K', 'cdr': 'CDR1', 'synthetic': True}",3,2.7467,[]
EXAMPLE_DATA_CDR3_G90M,,antibody,,,70.0,,11.0,1.3,,,-1.0,,,,,"{'esm1v': -1.659, 'ablang': 0.05, 'n_liabilities': 1, 'mutations': 'G90M', 'cdr': 'CDR3', 'synthetic': True}",3,2.7333,[]
EXAMPLE_DATA_CDR3_G90V,,antibody,,,70.0,,8.0,1.55,,,-0.0,,,,,"{'esm1v': 1.636, 'ablang': 0.441, 'n_liabilities': 0, 'mutations': 'G90V', 'cdr': 'CDR3', 'synthetic': True}",3,2.7333,[]
EXAMPLE_DATA_CDR3_Y96P,,antibody,,,70.0,,8.0,1.55,,,-0.0,,,,,"{'esm1v': 2.796, 'ablang': 0.341, 'n_liabilities': 0, 'mutations': 'Y96P', 'cdr': 'CDR3', 'synthetic': True}",3,2.7333,[]
EXAMPLE_DATA_CDR1_T28N,,antibody,,,70.0,,12.0,1.23,,,-1.0,,,,,"{'esm1v': -0.809, 'ablang': 0.917, 'n_liabilities': 1, 'mutations': 'T28N', 'cdr': 'CDR1', 'synthetic': True}",3,2.72,[]
EXAMPLE_DATA_CDR1_D31E,,antibody,,,70.0,,6.0,1.73,,,-0.0,,,,,"{'esm1v': -1.937, 'ablang': 0.831, 'n_liabilities': 0, 'mutations': 'D31E', 'cdr': 'CDR1', 'synthetic': True}",3,2.72,[]
EXAMPLE_DATA_CDR2_I48T,,antibody,,,70.0,,12.0,1.23,,,-0.0,,,,,"{'esm1v': 1.023, 'ablang': 0.336, 'n_liabilities': 0, 'mutations': 'I48T', 'cdr': 'CDR2', 'synthetic': True}",3,2.72,[]
EXAMPLE_DATA_CDR2_S54V,,antibody,,,70.0,,10.0,1.41,,,-0.0,,,,,"{'esm1v': 1.755, 'ablang': 0.908, 'n_liabilities': 0, 'mutations': 'S54V', 'cdr': 'CDR2', 'synthetic': True}",3,2.7067,[]
EXAMPLE_DATA_CDR2_G50D,,antibody,,,70.0,,11.0,1.34,,,-1.0,,,,,"{'esm1v': 2.474, 'ablang': 0.169, 'n_liabilities': 1, 'mutations': 'G50D', 'cdr': 'CDR2', 'synthetic': True}",3,2.6933,[]
EXAMPLE_DATA_CDR3_Y96F,,antibody,,,70.0,,8.0,1.59,,,-0.0,,,,,"{'esm1v': -0.223, 'ablang': 0.413, 'n_liabilities': 0, 'mutations': 'Y96F', 'cdr': 'CDR3', 'synthetic': True}",3,2.6933,[]
EXAMPLE_DATA_CDR1_G26R,,antibody,,,70.0,,10.0,1.45,,,-0.0,,,,,"{'esm1v': 0.071, 'ablang': 0.316, 'n_liabilities': 0, 'mutations': 'G26R', 'cdr': 'CDR1', 'synthetic': True}",3,2.6667,[]
EXAMPLE_DATA_CDR3_D88Q,,antibody,,,70.0,,7.0,1.7,,,-0.0,,,,,"{'esm1v': 2.329, 'ablang': 0.503, 'n_liabilities': 0, 'mutations': 'D88Q', 'cdr': 'CDR3', 'synthetic': True}",3,2.6667,[]
EXAMPLE_DATA_CDR1_F27L,,antibody,,,70.0,,12.0,1.31,,,-0.0,,,,,"{'esm1v': 0.68, 'ablang': 0.296, 'n_liabilities': 0, 'mutations': 'F27L', 'cdr': 'CDR1', 'synthetic': True}",3,2.64,[]
EXAMPLE_DATA_CDR2_S51N,,antibody,,,70.0,,8.0,1.67,,,-1.0,,,,,"{'esm1v': -1.496, 'ablang': 0.25, 'n_liabilities': 1, 'mutations': 'S51N', 'cdr': 'CDR2', 'synthetic': True}",3,2.6133,[]
EXAMPLE_DATA_CDR3_G92P,,antibody,,,70.0,,7.0,1.78,,,-0.0,,,,,"{'esm1v': -1.228, 'ablang': 0.044, 'n_liabilities': 0, 'mutations': 'G92P', 'cdr': 'CDR3', 'synthetic': True}",3,2.5867,[]
EXAMPLE_DATA_CDR3_D88K,,antibody,,,70.0,,5.0,1.96,,,-0.0,,,,,"{'esm1v': -2.784, 'ablang': 0.05, 'n_liabilities': 0, 'mutations': 'D88K', 'cdr': 'CDR3', 'synthetic': True}",3,2.5733,[]
EXAMPLE_DATA_CDR1_S30C,,antibody,,,70.0,,10.0,1.57,,,-1.0,,,,,"{'esm1v': 2.209, 'ablang': 0.801, 'n_liabilities': 1, 'mutations': 'S30C', 'cdr': 'CDR1', 'synthetic': True}",3,2.5467,[]
EXAMPLE_DATA_CDR2_G50W,,antibody,,,70.0,,7.0,1.82,,,-1.0,,,,,"{'esm1v': -0.747, 'ablang': 0.462, 'n_liabilities': 1, 'mutations': 'G50W', 'cdr': 'CDR2', 'synthetic': True}",3,2.5467,[]
EXAMPLE_DATA_CDR3_F94W,,antibody,,,70.0,,7.0,1.82,,,-1.0,,,,,"{'esm1v': 2.546, 'ablang': 0.652, 'n_liabilities': 1, 'mutations': 'F94W', 'cdr': 'CDR3', 'synthetic': True}",3,2.5467,[]
EXAMPLE_DATA_CDR2_S51P,,antibody,,,70.0,,9.0,1.68,,,-0.0,,,,,"{'esm1v': -2.768, 'ablang': 0.774, 'n_liabilities': 0, 'mutations': 'S51P', 'cdr': 'CDR2', 'synthetic': True}",3,2.52,[]
EXAMPLE_DATA_CDR2_G52L,,antibody,,,70.0,,10.0,1.65,,,-0.0,,,,,"{'esm1v': 0.533, 'ablang': 0.48, 'n_liabilities': 0, 'mutations': 'G52L', 'cdr': 'CDR2', 'synthetic': True}",3,2.4667,[]
EXAMPLE_DATA_CDR2_S54C,,antibody,,,70.0,,11.0,1.58,,,-1.0,,,,,"{'esm1v': -2.727, 'ablang': 0.429, 'n_liabilities': 1, 'mutations': 'S54C', 'cdr': 'CDR2', 'synthetic': True}",3,2.4533,[]
EXAMPLE_DATA_CDR2_S51V,,antibody,,,70.0,,9.0,1.76,,,-0.0,,,,,"{'esm1v': -1.713, 'ablang': 0.651, 'n_liabilities': 0, 'mutations': 'S51V', 'cdr': 'CDR2', 'synthetic': True}",3,2.44,[]
EXAMPLE_DATA_CDR2_G50E,,antibody,,,70.0,,5.0,2.12,,,-0.0,,,,,"{'esm1v': -0.097, 'ablang': 0.153, 'n_liabilities': 0, 'mutations': 'G50E', 'cdr': 'CDR2', 'synthetic': True}",3,2.4133,[]
EXAMPLE_DATA_CDR2_G50P,,antibody,,,70.0,,8.0,1.87,,,-0.0,,,,,"{'esm1v': -1.527, 'ablang': 0.928, 'n_liabilities': 0, 'mutations': 'G50P', 'cdr': 'CDR2', 'synthetic': True}",3,2.4133,[]
EXAMPLE_DATA_CDR1_F29D,,antibody,,,70.0,,12.0,1.55,,,-1.0,,,,,"{'esm1v': -0.35, 'ablang': 0.146, 'n_liabilities': 1, 'mutations': 'F29D', 'cdr': 'CDR1', 'synthetic': True}",3,2.4,[]
EXAMPLE_DATA_CDR3_Y93I,,antibody,,,70.0,,6.0,2.05,,,-0.0,,,,,"{'esm1v': 1.973, 'ablang': 0.516, 'n_liabilities': 0, 'mutations': 'Y93I', 'cdr': 'CDR3', 'synthetic': True}",3,2.4,[]
EXAMPLE_DATA_CDR3_R87D,,antibody,,,70.0,,7.0,1.98,,,-0.0,,,,,"{'esm1v': 1.007, 'ablang': 0.822, 'n_liabilities': 0, 'mutations': 'R87D', 'cdr': 'CDR3', 'synthetic': True}",3,2.3867,[]
EXAMPLE_DATA_CDR2_G50T,,antibody,,,70.0,,8.0,1.91,,,-0.0,,,,,"{'esm1v': -2.431, 'ablang': 0.515, 'n_liabilities': 0, 'mutations': 'G50T', 'cdr': 'CDR2', 'synthetic': True}",3,2.3733,[]
EXAMPLE_DATA_CDR3_R89V,,antibody,,,70.0,,5.0,2.16,,,-0.0,,,,,"{'esm1v': 2.767, 'ablang': 0.708, 'n_liabilities': 0, 'mutations': 'R89V', 'cdr': 'CDR3', 'synthetic': True}",3,2.3733,[]
EXAMPLE_DATA_CDR1_T28D,,antibody,,,70.0,,6.0,2.09,,,-0.0,,,,,"{'esm1v': -0.233, 'ablang': 0.161, 'n_liabilities': 0, 'mutations': 'T28D', 'cdr': 'CDR1', 'synthetic': True}",3,2.36,[]
EXAMPLE_DATA_CDR1_A33T,,antibody,,,70.0,,12.0,1.59,,,-0.0,,,,,"{'esm1v': -0.535, 'ablang': 0.244, 'n_liabilities': 0, 'mutations': 'A33T', 'cdr': 'CDR1', 'synthetic': True}",3,2.36,[]
EXAMPLE_DATA_CDR3_Y93F,,antibody,,,70.0,,12.0,1.59,,,-0.0,,,,,"{'esm1v': 2.928, 'ablang': 0.787, 'n_liabilities': 0, 'mutations': 'Y93F', 'cdr': 'CDR3', 'synthetic': True}",3,2.36,[]
EXAMPLE_DATA_CDR1_G26P,,antibody,,,70.0,,10.0,1.77,,,-0.0,,,,,"{'esm1v': -0.254, 'ablang': 0.862, 'n_liabilities': 0, 'mutations': 'G26P', 'cdr': 'CDR1', 'synthetic': True}",3,2.3467,[]
EXAMPLE_DATA_CDR1_Y32S,,antibody,,,70.0,,10.0,1.77,,,-1.0,,,,,"{'esm1v': 2.131, 'ablang': 0.984, 'n_liabilities': 1, 'mutations': 'Y32S', 'cdr': 'CDR1', 'synthetic': True}",3,2.3467,[]
EXAMPLE_DATA_CDR3_A86S,,antibody,,,70.0,,7.0,2.02,,,-0.0,,,,,"{'esm1v': 1.226, 'ablang': 0.963, 'n_liabilities': 0, 'mutations': 'A86S', 'cdr': 'CDR3', 'synthetic': True}",3,2.3467,[]
EXAMPLE_DATA_CDR2_G52P,,antibody,,,70.0,,5.0,2.2,,,-0.0,,,,,"{'esm1v': -1.739, 'ablang': 0.233, 'n_liabilities': 0, 'mutations': 'G52P', 'cdr': 'CDR2', 'synthetic': True}",3,2.3333,[]
EXAMPLE_DATA_CDR3_G92K,,antibody,,,70.0,,9.0,1.88,,,-0.0,,,,,"{'esm1v': 2.065, 'ablang': 0.877, 'n_liabilities': 0, 'mutations': 'G92K', 'cdr': 'CDR3', 'synthetic': True}",3,2.32,[]
EXAMPLE_DATA_CDR1_T28H,,antibody,,,70.0,,10.0,1.81,,,-0.0,,,,,"{'esm1v': 1.981, 'ablang': 0.042, 'n_liabilities': 0, 'mutations': 'T28H', 'cdr': 'CDR1', 'synthetic': True}",3,2.3067,[]
EXAMPLE_DATA_CDR1_F29V,,antibody,,,70.0,,10.0,1.81,,,-0.0,,,,,"{'esm1v': -0.579, 'ablang': 0.571, 'n_liabilities': 0, 'mutations': 'F29V', 'cdr': 'CDR1', 'synthetic': True}",3,2.3067,[]
EXAMPLE_DATA_CDR2_G50S,,antibody,,,70.0,,10.0,1.81,,,-0.0,,,,,"{'esm1v': -1.743, 'ablang': 0.738, 'n_liabilities': 0, 'mutations': 'G50S', 'cdr': 'CDR2', 'synthetic': True}",3,2.3067,[]
EXAMPLE_DATA_CDR3_G92F,,antibody,,,70.0,,8.0,1.99,,,-0.0,,,,,"{'esm1v': -2.41, 'ablang': 0.936, 'n_liabilities': 0, 'mutations': 'G92F', 'cdr': 'CDR3', 'synthetic': True}",3,2.2933,[]
EXAMPLE_DATA_CDR3_F94E,,antibody,,,70.0,,11.0,1.74,,,-0.0,,,,,"{'esm1v': 2.094, 'ablang': 0.751, 'n_liabilities': 0, 'mutations': 'F94E', 'cdr': 'CDR3', 'synthetic': True}",3,2.2933,[]
EXAMPLE_DATA_CDR3_D95G,,antibody,,,70.0,,8.0,1.99,,,-0.0,,,,,"{'esm1v': -1.398, 'ablang': 0.951, 'n_liabilities': 0, 'mutations': 'D95G', 'cdr': 'CDR3', 'synthetic': True}",3,2.2933,[]
EXAMPLE_DATA_CDR3_Y96G,,antibody,,,70.0,,9.0,1.92,,,-1.0,,,,,"{'esm1v': -2.055, 'ablang': 0.663, 'n_liabilities': 1, 'mutations': 'Y96G', 'cdr': 'CDR3', 'synthetic': True}",3,2.28,[]
EXAMPLE_DATA_CDR2_S49L,,antibody,,,70.0,,7.0,2.1,,,-0.0,,,,,"{'esm1v': 0.244, 'ablang': 0.886, 'n_liabilities': 0, 'mutations': 'S49L', 'cdr': 'CDR2', 'synthetic': True}",3,2.2667,[]
EXAMPLE_DATA_CDR3_D95M,,antibody,,,70.0,,10.0,1.85,,,-1.0,,,,,"{'esm1v': -1.734, 'ablang': 0.055, 'n_liabilities': 1, 'mutations': 'D95M', 'cdr': 'CDR3', 'synthetic': True}",3,2.2667,[]
EXAMPLE_DATA_CDR3_Y96H,,antibody,,,70.0,,10.0,1.85,,,-0.0,,,,,"{'esm1v': 0.784, 'ablang': 0.757, 'n_liabilities': 0, 'mutations': 'Y96H', 'cdr': 'CDR3', 'synthetic': True}",3,2.2667,[]
EXAMPLE_DATA_CDR1_F29A,,antibody,,,70.0,,11.0,1.78,,,-0.0,,,,,"{'esm1v': 2.114, 'ablang': 0.615, 'n_liabilities': 0, 'mutations': 'F29A', 'cdr': 'CDR1', 'synthetic': True}",3,2.2533,[]
EXAMPLE_DATA_CDR2_G53D,,antibody,,,70.0,,11.0,1.78,,,-1.0,,,,,"{'esm1v': -2.898, 'ablang': 0.003, 'n_liabilities': 1, 'mutations': 'G53D', 'cdr': 'CDR2', 'synthetic': True}",3,2.2533,[]
EXAMPLE_DATA_CDR3_Y96T,,antibody,,,70.0,,11.0,1.78,,,-0.0,,,,,"{'esm1v': -0.616, 'ablang': 0.531, 'n_liabilities': 0, 'mutations': 'Y96T', 'cdr': 'CDR3', 'synthetic': True}",3,2.2533,[]
EXAMPLE_DATA_CDR2_I48R,,antibody,,,70.0,,6.0,2.21,,,-0.0,,,,,"{'esm1v': 0.185, 'ablang': 0.131, 'n_liabilities': 0, 'mutations': 'I48R', 'cdr': 'CDR2', 'synthetic': True}",3,2.24,[]
EXAMPLE_DATA_CDR2_T55Q,,antibody,,,70.0,,6.0,2.21,,,-0.0,,,,,"{'esm1v': 1.076, 'ablang': 0.246, 'n_liabilities': 0, 'mutations': 'T55Q', 'cdr': 'CDR2', 'synthetic': True}",3,2.24,[]
EXAMPLE_DATA_CDR2_S54P,,antibody,,,70.0,,10.0,1.89,,,-0.0,,,,,"{'esm1v': 0.022, 'ablang': 0.82, 'n_liabilities': 0, 'mutations': 'S54P', 'cdr': 'CDR2', 'synthetic': True}",3,2.2267,[]
EXAMPLE_DATA_CDR1_G26L,,antibody,,,70.0,,8.0,2.07,,,-0.0,,,,,"{'esm1v': -0.62, 'ablang': 0.925, 'n_liabilities': 0, 'mutations': 'G26L', 'cdr': 'CDR1', 'synthetic': True}",3,2.2133,[]
EXAMPLE_DATA_CDR2_S51W,,antibody,,,70.0,,6.0,2.25,,,-1.0,,,,,"{'esm1v': -1.559, 'ablang': 0.912, 'n_liabilities': 1, 'mutations': 'S51W', 'cdr': 'CDR2', 'synthetic': True}",3,2.2,[]
EXAMPLE_DATA_CDR2_S54T,,antibody,,,70.0,,12.0,1.75,,,-0.0,,,,,"{'esm1v': 0.287, 'ablang': 0.744, 'n_liabilities': 0, 'mutations': 'S54T', 'cdr': 'CDR2', 'synthetic': True}",3,2.2,[]
EXAMPLE_DATA_CDR3_R87W,,antibody,,,70.0,,12.0,1.79,,,-1.0,,,,,"{'esm1v': -1.92, 'ablang': 0.777, 'n_liabilities': 1, 'mutations': 'R87W', 'cdr': 'CDR3', 'synthetic': True}",3,2.16,[]
EXAMPLE_DATA_CDR3_F94Y,,antibody,,,70.0,,10.0,2.01,,,-0.0,,,,,"{'esm1v': 1.641, 'ablang': 0.176, 'n_liabilities': 0, 'mutations': 'F94Y', 'cdr': 'CDR3', 'synthetic': True}",3,2.1067,[]
EXAMPLE_DATA_CDR3_R87S,,antibody,,,70.0,,11.0,1.94,,,-0.0,,,,,"{'esm1v': 0.172, 'ablang': 0.091, 'n_liabilities': 0, 'mutations': 'R87S', 'cdr': 'CDR3', 'synthetic': True}",3,2.0933,[]
EXAMPLE_DATA_CDR3_A86P,,antibody,,,70.0,,7.0,2.3,,,-0.0,,,,,"{'esm1v': 2.835, 'ablang': 0.306, 'n_liabilities': 0, 'mutations': 'A86P', 'cdr': 'CDR3', 'synthetic': True}",3,2.0667,[]
EXAMPLE_DATA_CDR2_S54A,,antibody,,,70.0,,5.0,2.48,,,-0.0,,,,,"{'esm1v': 1.321, 'ablang': 0.354, 'n_liabilities': 0, 'mutations': 'S54A', 'cdr': 'CDR2', 'synthetic': True}",3,2.0533,[]
EXAMPLE_DATA_CDR2_S54Y,,antibody,,,70.0,,5.0,2.48,,,-0.0,,,,,"{'esm1v': -0.463, 'ablang': 0.891, 'n_liabilities': 0, 'mutations': 'S54Y', 'cdr': 'CDR2', 'synthetic': True}",3,2.0533,[]
EXAMPLE_DATA_CDR3_G92T,,antibody,,,70.0,,11.0,1.98,,,-0.0,,,,,"{'esm1v': 1.814, 'ablang': 0.688, 'n_liabilities': 0, 'mutations': 'G92T', 'cdr': 'CDR3', 'synthetic': True}",3,2.0533,[]
EXAMPLE_DATA_CDR3_G92M,,antibody,,,70.0,,6.0,2.41,,,-1.0,,,,,"{'esm1v': 0.713, 'ablang': 0.032, 'n_liabilities': 1, 'mutations': 'G92M', 'cdr': 'CDR3', 'synthetic': True}",3,2.04,[]
EXAMPLE_DATA_CDR1_F27Y,,antibody,,,70.0,,5.0,2.52,,,-0.0,,,,,"{'esm1v': 0.96, 'ablang': 0.797, 'n_liabilities': 0, 'mutations': 'F27Y', 'cdr': 'CDR1', 'synthetic': True}",3,2.0333,[]
EXAMPLE_DATA_CDR2_G52S,,antibody,,,70.0,,5.0,2.76,,,-0.0,,,,,"{'esm1v': -1.879, 'ablang': 0.911, 'n_liabilities': 0, 'mutations': 'G52S', 'cdr': 'CDR2', 'synthetic': True}",3,2.0333,[]
EXAMPLE_DATA_CDR2_G53A,,antibody,,,70.0,,5.0,2.56,,,-0.0,,,,,"{'esm1v': -1.621, 'ablang': 0.209, 'n_liabilities': 0, 'mutations': 'G53A', 'cdr': 'CDR2', 'synthetic': True}",3,2.0333,[]
EXAMPLE_DATA_CDR3_A86I,,antibody,,,70.0,,5.0,2.8,,,-0.0,,,,,"{'esm1v': 1.074, 'ablang': 0.008, 'n_liabilities': 0, 'mutations': 'A86I', 'cdr': 'CDR3', 'synthetic': True}",3,2.0333,[]
EXAMPLE_DATA_CDR3_G90D,,antibody,,,70.0,,5.0,2.52,,,-0.0,,,,,"{'esm1v': 0.666, 'ablang': 0.059, 'n_liabilities': 0, 'mutations': 'G90D', 'cdr': 'CDR3', 'synthetic': True}",3,2.0333,[]
EXAMPLE_DATA_MPNN_CDR2_007,,antibody,,,70.0,,5.0,2.64,,,-1.0,,,,,"{'esm1v': nan, 'ablang': 0.202, 'n_liabilities': 1, 'mutations': 'I48N+S49K+S51D+G52Y+G53P+S54L+T55M', 'cdr': 'CDR2', 'synthetic': True}",3,2.0333,[]
EXAMPLE_DATA_CDR1_Y32P,,antibody,,,70.0,,10.0,2.09,,,-0.0,,,,,"{'esm1v': 0.691, 'ablang': 0.974, 'n_liabilities': 0, 'mutations': 'Y32P', 'cdr': 'CDR1', 'synthetic': True}",3,2.0267,[]
EXAMPLE_DATA_CDR2_I48G,,antibody,,,70.0,,8.0,2.27,,,-0.0,,,,,"{'esm1v': 0.124, 'ablang': 0.492, 'n_liabilities': 0, 'mutations': 'I48G', 'cdr': 'CDR2', 'synthetic': True}",3,2.0133,[]
EXAMPLE_DATA_CDR2_S49M,,antibody,,,70.0,,11.0,2.02,,,-1.0,,,,,"{'esm1v': -2.661, 'ablang': 0.923, 'n_liabilities': 1, 'mutations': 'S49M', 'cdr': 'CDR2', 'synthetic': True}",3,2.0133,[]
EXAMPLE_DATA_CDR2_T55R,,antibody,,,70.0,,8.0,2.27,,,-0.0,,,,,"{'esm1v': -2.887, 'ablang': 0.387, 'n_liabilities': 0, 'mutations': 'T55R', 'cdr': 'CDR2', 'synthetic': True}",3,2.0133,[]
EXAMPLE_DATA_CDR3_L91T,,antibody,,,70.0,,9.0,2.2,,,-0.0,,,,,"{'esm1v': -1.528, 'ablang': 0.602, 'n_liabilities': 0, 'mutations': 'L91T', 'cdr': 'CDR3', 'synthetic': True}",3,2.0,[]
EXAMPLE_DATA_CDR3_F94S,,antibody,,,70.0,,12.0,1.95,,,-0.0,,,,,"{'esm1v': -0.17, 'ablang': 0.115, 'n_liabilities': 0, 'mutations': 'F94S', 'cdr': 'CDR3', 'synthetic': True}",3,2.0,[]
EXAMPLE_DATA_CDR3_Y93C,,antibody,,,70.0,,7.0,2.38,,,-1.0,,,,,"{'esm1v': -0.236, 'ablang': 0.982, 'n_liabilities': 1, 'mutations': 'Y93C', 'cdr': 'CDR3', 'synthetic': True}",3,1.9867,[]
EXAMPLE_DATA_CDR1_T28R,,antibody,,,70.0,,11.0,2.06,,,-0.0,,,,,"{'esm1v': -0.884, 'ablang': 0.88, 'n_liabilities': 0, 'mutations': 'T28R', 'cdr': 'CDR1', 'synthetic': True}",3,1.9733,[]
EXAMPLE_DATA_CDR1_S30K,,antibody,,,70.0,,6.0,2.85,,,-0.0,,,,,"{'esm1v': 2.735, 'ablang': 0.529, 'n_liabilities': 0, 'mutations': 'S30K', 'cdr': 'CDR1', 'synthetic': True}",3,1.95,[]
EXAMPLE_DATA_CDR2_I48V,,antibody,,,70.0,,6.0,2.73,,,-0.0,,,,,"{'esm1v': -0.368, 'ablang': 0.919, 'n_liabilities': 0, 'mutations': 'I48V', 'cdr': 'CDR2', 'synthetic': True}",3,1.95,[]
EXAMPLE_DATA_CDR2_S49I,,antibody,,,70.0,,6.0,2.57,,,-0.0,,,,,"{'esm1v': 0.532, 'ablang': 0.686, 'n_liabilities': 0, 'mutations': 'S49I', 'cdr': 'CDR2', 'synthetic': True}",3,1.95,[]
EXAMPLE_DATA_CDR2_T55C,,antibody,,,70.0,,6.0,2.53,,,-1.0,,,,,"{'esm1v': 1.686, 'ablang': 0.149, 'n_liabilities': 1, 'mutations': 'T55C', 'cdr': 'CDR2', 'synthetic': True}",3,1.95,[]
EXAMPLE_DATA_CDR3_A86G,,antibody,,,70.0,,6.0,2.73,,,-0.0,,,,,"{'esm1v': 2.079, 'ablang': 0.332, 'n_liabilities': 0, 'mutations': 'A86G', 'cdr': 'CDR3', 'synthetic': True}",3,1.95,[]
EXAMPLE_DATA_CDR1_F27S,,antibody,,,70.0,,9.0,2.28,,,-0.0,,,,,"{'esm1v': -2.34, 'ablang': 0.861, 'n_liabilities': 0, 'mutations': 'F27S', 'cdr': 'CDR1', 'synthetic': True}",3,1.92,[]
EXAMPLE_DATA_CDR1_T28K,,antibody,,,70.0,,12.0,2.03,,,-0.0,,,,,"{'esm1v': 1.192, 'ablang': 0.115, 'n_liabilities': 0, 'mutations': 'T28K', 'cdr': 'CDR1', 'synthetic': True}",3,1.92,[]
EXAMPLE_DATA_CDR1_T28I,,antibody,,,70.0,,9.0,2.32,,,-0.0,,,,,"{'esm1v': -1.914, 'ablang': 0.177, 'n_liabilities': 0, 'mutations': 'T28I', 'cdr': 'CDR1', 'synthetic': True}",3,1.88,[]
EXAMPLE_DATA_CDR1_A33E,,antibody,,,70.0,,7.0,2.82,,,-0.0,,,,,"{'esm1v': 2.542, 'ablang': 0.227, 'n_liabilities': 0, 'mutations': 'A33E', 'cdr': 'CDR1', 'synthetic': True}",3,1.8667,[]
EXAMPLE_DATA_CDR2_S54K,,antibody,,,70.0,,10.0,2.25,,,-0.0,,,,,"{'esm1v': 0.788, 'ablang': 0.495, 'n_liabilities': 0, 'mutations': 'S54K', 'cdr': 'CDR2', 'synthetic': True}",3,1.8667,[]
EXAMPLE_DATA_CDR2_S54N,,antibody,,,70.0,,7.0,2.5,,,-0.0,,,,,"{'esm1v': 1.482, 'ablang': 0.176, 'n_liabilities': 0, 'mutations': 'S54N', 'cdr': 'CDR2', 'synthetic': True}",3,1.8667,[]
EXAMPLE_DATA_CDR2_S54R,,antibody,,,70.0,,7.0,2.78,,,-0.0,,,,,"{'esm1v': -0.77, 'ablang': 0.24, 'n_liabilities': 0, 'mutations': 'S54R', 'cdr': 'CDR2', 'synthetic': True}",3,1.8667,[]
EXAMPLE_DATA_CDR3_G92W,,antibody,,,70.0,,7.0,2.78,,,-1.0,,,,,"{'esm1v': 2.253, 'ablang': 0.974, 'n_liabilities': 1, 'mutations': 'G92W', 'cdr': 'CDR3', 'synthetic': True}",3,1.8667,[]
EXAMPLE_DATA_CDR3_D95E,,antibody,,,70.0,,7.0,2.62,,,-0.0,,,,,"{'esm1v': 0.636, 'ablang': 0.135, 'n_liabilities': 0, 'mutations': 'D95E', 'cdr': 'CDR3', 'synthetic': True}",3,1.8667,[]
EXAMPLE_DATA_CDR3_Y96W,,antibody,,,70.0,,7.0,2.94,,,-1.0,,,,,"{'esm1v': -2.544, 'ablang': 0.114, 'n_liabilities': 1, 'mutations': 'Y96W', 'cdr': 'CDR3', 'synthetic': True}",3,1.8667,[]
EXAMPLE_DATA_MPNN_CDR1_004,,antibody,,,70.0,,7.0,2.66,,,-1.0,,,,,"{'esm1v': nan, 'ablang': 0.789, 'n_liabilities': 1, 'mutations': 'G26P+F27V+T28D+F29I+S30K+D31C+Y32D+A33N', 'cdr': 'CDR1', 'synthetic': True}",3,1.8667,[]
EXAMPLE_DATA_CDR2_G52H,,antibody,,,70.0,,11.0,2.18,,,-0.0,,,,,"{'esm1v': -0.46, 'ablang': 0.519, 'n_liabilities': 0, 'mutations': 'G52H', 'cdr': 'CDR2', 'synthetic': True}",3,1.8533,[]
EXAMPLE_DATA_CDR1_Y32R,,antibody,,,70.0,,12.0,2.11,,,-0.0,,,,,"{'esm1v': -0.784, 'ablang': 0.748, 'n_liabilities': 0, 'mutations': 'Y32R', 'cdr': 'CDR1', 'synthetic': True}",3,1.84,[]
EXAMPLE_DATA_CDR3_Y93M,,antibody,,,70.0,,12.0,2.11,,,-1.0,,,,,"{'esm1v': -0.523, 'ablang': 0.09, 'n_liabilities': 1, 'mutations': 'Y93M', 'cdr': 'CDR3', 'synthetic': True}",3,1.84,[]
EXAMPLE_DATA_CDR1_F27M,,antibody,,,70.0,,10.0,2.29,,,-1.0,,,,,"{'esm1v': 2.648, 'ablang': 0.591, 'n_liabilities': 1, 'mutations': 'F27M', 'cdr': 'CDR1', 'synthetic': True}",3,1.8267,[]
EXAMPLE_DATA_CDR2_S51A,,antibody,,,70.0,,12.0,2.15,,,-0.0,,,,,"{'esm1v': 1.467, 'ablang': 0.749, 'n_liabilities': 0, 'mutations': 'S51A', 'cdr': 'CDR2', 'synthetic': True}",3,1.8,[]
EXAMPLE_DATA_CDR3_D95V,,antibody,,,70.0,,9.0,2.4,,,-0.0,,,,,"{'esm1v': 2.327, 'ablang': 0.739, 'n_liabilities': 0, 'mutations': 'D95V', 'cdr': 'CDR3', 'synthetic': True}",3,1.8,[]
EXAMPLE_DATA_CDR1_S30I,,antibody,,,70.0,,8.0,2.87,,,-0.0,,,,,"{'esm1v': 2.971, 'ablang': 0.711, 'n_liabilities': 0, 'mutations': 'S30I', 'cdr': 'CDR1', 'synthetic': True}",3,1.7833,[]
EXAMPLE_DATA_CDR1_Y32T,,antibody,,,70.0,,8.0,2.99,,,-0.0,,,,,"{'esm1v': -2.111, 'ablang': 0.735, 'n_liabilities': 0, 'mutations': 'Y32T', 'cdr': 'CDR1', 'synthetic': True}",3,1.7833,[]
EXAMPLE_DATA_CDR2_G52Y,,antibody,,,70.0,,8.0,2.55,,,-0.0,,,,,"{'esm1v': -2.451, 'ablang': 0.04, 'n_liabilities': 0, 'mutations': 'G52Y', 'cdr': 'CDR2', 'synthetic': True}",3,1.7833,[]
EXAMPLE_DATA_CDR2_S54E,,antibody,,,70.0,,8.0,2.71,,,-0.0,,,,,"{'esm1v': 2.659, 'ablang': 0.98, 'n_liabilities': 0, 'mutations': 'S54E', 'cdr': 'CDR2', 'synthetic': True}",3,1.7833,[]
EXAMPLE_DATA_CDR3_G90I,,antibody,,,70.0,,8.0,2.75,,,-0.0,,,,,"{'esm1v': 0.567, 'ablang': 0.516, 'n_liabilities': 0, 'mutations': 'G90I', 'cdr': 'CDR3', 'synthetic': True}",3,1.7833,[]
EXAMPLE_DATA_CDR3_G90T,,antibody,,,70.0,,8.0,2.95,,,-0.0,,,,,"{'esm1v': -2.369, 'ablang': 0.07, 'n_liabilities': 0, 'mutations': 'G90T', 'cdr': 'CDR3', 'synthetic': True}",3,1.7833,[]
EXAMPLE_DATA_CDR2_G53W,,antibody,,,70.0,,11.0,2.26,,,-1.0,,,,,"{'esm1v': 0.767, 'ablang': 0.565, 'n_liabilities': 1, 'mutations': 'G53W', 'cdr': 'CDR2', 'synthetic': True}",3,1.7733,[]
EXAMPLE_DATA_CDR3_A86T,,antibody,,,70.0,,9.0,2.44,,,-0.0,,,,,"{'esm1v': -1.095, 'ablang': 0.278, 'n_liabilities': 0, 'mutations': 'A86T', 'cdr': 'CDR3', 'synthetic': True}",3,1.76,[]
EXAMPLE_DATA_CDR1_F29T,,antibody,,,70.0,,11.0,2.3,,,-0.0,,,,,"{'esm1v': 2.353, 'ablang': 0.267, 'n_liabilities': 0, 'mutations': 'F29T', 'cdr': 'CDR1', 'synthetic': True}",3,1.7333,[]
EXAMPLE_DATA_CDR1_F29C,,antibody,,,70.0,,9.0,2.84,,,-1.0,,,,,"{'esm1v': -2.335, 'ablang': 0.651, 'n_liabilities': 1, 'mutations': 'F29C', 'cdr': 'CDR1', 'synthetic': True}",3,1.7,[]
EXAMPLE_DATA_CDR1_D31K,,antibody,,,70.0,,9.0,2.56,,,-0.0,,,,,"{'esm1v': 0.386, 'ablang': 0.113, 'n_liabilities': 0, 'mutations': 'D31K', 'cdr': 'CDR1', 'synthetic': True}",3,1.7,[]
EXAMPLE_DATA_CDR1_D31P,,antibody,,,70.0,,9.0,2.56,,,-0.0,,,,,"{'esm1v': -1.174, 'ablang': 0.022, 'n_liabilities': 0, 'mutations': 'D31P', 'cdr': 'CDR1', 'synthetic': True}",3,1.7,[]
EXAMPLE_DATA_CDR2_S49Y,,antibody,,,70.0,,9.0,2.8,,,-0.0,,,,,"{'esm1v': -1.72, 'ablang': 0.392, 'n_liabilities': 0, 'mutations': 'S49Y', 'cdr': 'CDR2', 'synthetic': True}",3,1.7,[]
EXAMPLE_DATA_CDR1_G26K,,antibody,,,70.0,,10.0,2.45,,,-0.0,,,,,"{'esm1v': 1.586, 'ablang': 0.023, 'n_liabilities': 0, 'mutations': 'G26K', 'cdr': 'CDR1', 'synthetic': True}",3,1.6667,[]
EXAMPLE_DATA_CDR1_T28V,,antibody,,,70.0,,10.0,2.45,,,-0.0,,,,,"{'esm1v': -2.749, 'ablang': 0.825, 'n_liabilities': 0, 'mutations': 'T28V', 'cdr': 'CDR1', 'synthetic': True}",3,1.6667,[]
EXAMPLE_DATA_CDR2_T55W,,antibody,,,70.0,,10.0,2.45,,,-1.0,,,,,"{'esm1v': -1.452, 'ablang': 0.99, 'n_liabilities': 1, 'mutations': 'T55W', 'cdr': 'CDR2', 'synthetic': True}",3,1.6667,[]
EXAMPLE_DATA_CDR3_Y93E,,antibody,,,70.0,,10.0,2.45,,,-0.0,,,,,"{'esm1v': -0.945, 'ablang': 0.19, 'n_liabilities': 0, 'mutations': 'Y93E', 'cdr': 'CDR3', 'synthetic': True}",3,1.6667,[]
EXAMPLE_DATA_CDR3_F94P,,antibody,,,70.0,,10.0,2.45,,,-0.0,,,,,"{'esm1v': -1.358, 'ablang': 0.971, 'n_liabilities': 0, 'mutations': 'F94P', 'cdr': 'CDR3', 'synthetic': True}",3,1.6667,[]
EXAMPLE_DATA_CDR1_G26D,,antibody,,,70.0,,11.0,2.38,,,-0.0,,,,,"{'esm1v': -0.932, 'ablang': 0.664, 'n_liabilities': 0, 'mutations': 'G26D', 'cdr': 'CDR1', 'synthetic': True}",3,1.6533,[]
EXAMPLE_DATA_CDR2_T55Y,,antibody,,,70.0,,12.0,2.31,,,-0.0,,,,,"{'esm1v': 0.636, 'ablang': 0.094, 'n_liabilities': 0, 'mutations': 'T55Y', 'cdr': 'CDR2', 'synthetic': True}",3,1.64,[]
EXAMPLE_DATA_CDR1_F27T,,antibody,,,70.0,,10.0,2.49,,,-0.0,,,,,"{'esm1v': 0.416, 'ablang': 0.578, 'n_liabilities': 0, 'mutations': 'F27T', 'cdr': 'CDR1', 'synthetic': True}",3,1.6267,[]
EXAMPLE_DATA_CDR1_F27H,,antibody,,,70.0,,10.0,2.61,,,-0.0,,,,,"{'esm1v': -2.556, 'ablang': 0.759, 'n_liabilities': 0, 'mutations': 'F27H', 'cdr': 'CDR1', 'synthetic': True}",3,1.6167,[]
EXAMPLE_DATA_CDR3_A86R,,antibody,,,70.0,,10.0,2.93,,,-0.0,,,,,"{'esm1v': 1.331, 'ablang': 0.976, 'n_liabilities': 0, 'mutations': 'A86R', 'cdr': 'CDR3', 'synthetic': True}",3,1.6167,[]
EXAMPLE_DATA_CDR3_G92E,,antibody,,,70.0,,10.0,2.61,,,-0.0,,,,,"{'esm1v': -0.571, 'ablang': 0.687, 'n_liabilities': 0, 'mutations': 'G92E', 'cdr': 'CDR3', 'synthetic': True}",3,1.6167,[]
EXAMPLE_DATA_CDR3_F94G,,antibody,,,70.0,,10.0,2.61,,,-0.0,,,,,"{'esm1v': -1.111, 'ablang': 0.228, 'n_liabilities': 0, 'mutations': 'F94G', 'cdr': 'CDR3', 'synthetic': True}",3,1.6167,[]
EXAMPLE_DATA_CDR3_Y96C,,antibody,,,70.0,,10.0,2.97,,,-1.0,,,,,"{'esm1v': 0.601, 'ablang': 0.797, 'n_liabilities': 1, 'mutations': 'Y96C', 'cdr': 'CDR3', 'synthetic': True}",3,1.6167,[]
EXAMPLE_DATA_CDR2_G52I,,antibody,,,70.0,,11.0,2.42,,,-0.0,,,,,"{'esm1v': -2.787, 'ablang': 0.26, 'n_liabilities': 0, 'mutations': 'G52I', 'cdr': 'CDR2', 'synthetic': True}",3,1.6133,[]
EXAMPLE_DATA_CDR3_R89Y,,antibody,,,70.0,,12.0,2.35,,,-0.0,,,,,"{'esm1v': 2.402, 'ablang': 0.427, 'n_liabilities': 0, 'mutations': 'R89Y', 'cdr': 'CDR3', 'synthetic': True}",3,1.6,[]
EXAMPLE_DATA_CDR2_G52Q,,antibody,,,70.0,,11.0,2.98,,,-0.0,,,,,"{'esm1v': -1.692, 'ablang': 0.236, 'n_liabilities': 0, 'mutations': 'G52Q', 'cdr': 'CDR2', 'synthetic': True}",3,1.5333,[]
EXAMPLE_DATA_CDR2_G53E,,antibody,,,70.0,,11.0,2.66,,,-0.0,,,,,"{'esm1v': 0.976, 'ablang': 0.722, 'n_liabilities': 0, 'mutations': 'G53E', 'cdr': 'CDR2', 'synthetic': True}",3,1.5333,[]
EXAMPLE_DATA_CDR3_D88S,,antibody,,,70.0,,11.0,2.98,,,-0.0,,,,,"{'esm1v': -1.529, 'ablang': 0.095, 'n_liabilities': 0, 'mutations': 'D88S', 'cdr': 'CDR3', 'synthetic': True}",3,1.5333,[]
EXAMPLE_DATA_CDR3_G90F,,antibody,,,70.0,,11.0,2.86,,,-0.0,,,,,"{'esm1v': 2.105, 'ablang': 0.565, 'n_liabilities': 0, 'mutations': 'G90F', 'cdr': 'CDR3', 'synthetic': True}",3,1.5333,[]
EXAMPLE_DATA_CDR3_Y93G,,antibody,,,70.0,,11.0,2.94,,,-0.0,,,,,"{'esm1v': 1.571, 'ablang': 0.472, 'n_liabilities': 0, 'mutations': 'Y93G', 'cdr': 'CDR3', 'synthetic': True}",3,1.5333,[]
EXAMPLE_DATA_CDR1_G26Q,,antibody,,,70.0,,12.0,2.47,,,-0.0,,,,,"{'esm1v': 0.458, 'ablang': 0.223, 'n_liabilities': 0, 'mutations': 'G26Q', 'cdr': 'CDR1', 'synthetic': True}",3,1.48,[]
EXAMPLE_DATA_CDR2_S51I,,antibody,,,70.0,,12.0,2.91,,,-0.0,,,,,"{'esm1v': 1.476, 'ablang': 0.726, 'n_liabilities': 0, 'mutations': 'S51I', 'cdr': 'CDR2', 'synthetic': True}",3,1.45,[]
EXAMPLE_DATA_CDR3_Y93N,,antibody,,,70.0,,12.0,2.79,,,-0.0,,,,,"{'esm1v': -0.677, 'ablang': 0.67, 'n_liabilities': 0, 'mutations': 'Y93N', 'cdr': 'CDR3', 'synthetic': True}",3,1.45,[]
EXAMPLE_DATA_CDR3_F94H,,antibody,,,70.0,,12.0,2.83,,,-0.0,,,,,"{'esm1v': 2.152, 'ablang': 0.129, 'n_liabilities': 0, 'mutations': 'F94H', 'cdr': 'CDR3', 'synthetic': True}",3,1.45,[]
EXAMPLE_DATA_MPNN_CDR3_004,,antibody,,,70.0,,5.0,1.2,,,-2.0,,,,,"{'esm1v': nan, 'ablang': 0.477, 'n_liabilities': 2, 'mutations': 'A86K+R87C+R89I+G90F+L91C+G92R+D95V+Y96D', 'cdr': 'CDR3', 'synthetic': True}",1,2.8333,['failed L3 physics']
EXAMPLE_DATA_MPNN_CDR3_003,,antibody,,,70.0,,6.0,2.93,,,-3.0,,,,,"{'esm1v': nan, 'ablang': 0.34, 'n_liabilities': 3, 'mutations': 'A86F+R87V+D88M+R89S+G90A+L91C+G92W+Y93E+D95L+Y96R', 'cdr': 'CDR3', 'synthetic': True}",1,1.45,['failed L3 physics']
EXAMPLE_DATA_CDR1_S30G,,antibody,,,70.0,,13.0,0.6,,,-0.0,,,,,"{'esm1v': -0.016, 'ablang': 0.915, 'n_liabilities': 0, 'mutations': 'S30G', 'cdr': 'CDR1', 'synthetic': True}",0,2.6,['failed L1 self-consistency']
EXAMPLE_DATA_CDR3_Y93K,,antibody,,,70.0,,13.0,0.6,,,-0.0,,,,,"{'esm1v': 1.3, 'ablang': 0.119, 'n_liabilities': 0, 'mutations': 'Y93K', 'cdr': 'CDR3', 'synthetic': True}",0,2.6,['failed L1 self-consistency']
EXAMPLE_DATA_CDR1_F27R,,antibody,,,70.0,,17.0,0.64,,,-0.0,,,,,"{'esm1v': -0.339, 'ablang': 0.351, 'n_liabilities': 0, 'mutations': 'F27R', 'cdr': 'CDR1', 'synthetic': True}",0,2.56,['failed L1 self-consistency']
EXAMPLE_DATA_CDR3_R87Y,,antibody,,,70.0,,13.0,0.64,,,-0.0,,,,,"{'esm1v': 2.492, 'ablang': 0.985, 'n_liabilities': 0, 'mutations': 'R87Y', 'cdr': 'CDR3', 'synthetic': True}",0,2.56,['failed L1 self-consistency']
EXAMPLE_DATA_CDR3_R89G,,antibody,,,70.0,,15.0,0.66,,,-1.0,,,,,"{'esm1v': -2.025, 'ablang': 0.972, 'n_liabilities': 1, 'mutations': 'R89G', 'cdr': 'CDR3', 'synthetic': True}",0,2.54,['failed L1 self-consistency']
EXAMPLE_DATA_CDR3_L91S,,antibody,,,70.0,,19.0,0.66,,,-0.0,,,,,"{'esm1v': -2.21, 'ablang': 0.664, 'n_liabilities': 0, 'mutations': 'L91S', 'cdr': 'CDR3', 'synthetic': True}",0,2.54,['failed L1 self-consistency']
EXAMPLE_DATA_CDR1_A33F,,antibody,,,70.0,,20.0,0.67,,,-0.0,,,,,"{'esm1v': -0.005, 'ablang': 0.598, 'n_liabilities': 0, 'mutations': 'A33F', 'cdr': 'CDR1', 'synthetic': True}",0,2.53,['failed L1 self-consistency']
EXAMPLE_DATA_CDR2_G50N,,antibody,,,70.0,,20.0,0.67,,,-1.0,,,,,"{'esm1v': 2.078, 'ablang': 0.764, 'n_liabilities': 1, 'mutations': 'G50N', 'cdr': 'CDR2', 'synthetic': True}",0,2.53,['failed L1 self-consistency']
EXAMPLE_DATA_CDR2_G50L,,antibody,,,70.0,,19.0,0.7,,,-0.0,,,,,"{'esm1v': -0.995, 'ablang': 0.888, 'n_liabilities': 0, 'mutations': 'G50L', 'cdr': 'CDR2', 'synthetic': True}",0,2.5,['failed L1 self-consistency']
EXAMPLE_DATA_MPNN_CDR1_007,,antibody,,,70.0,,19.0,0.7,,,-2.0,,,,,"{'esm1v': nan, 'ablang': 0.367, 'n_liabilities': 2, 'mutations': 'G26W+F27I+T28A+F29L+S30M+D31E+Y32K+A33V', 'cdr': 'CDR1', 'synthetic': True}",0,2.5,['failed L1 self-consistency']
EXAMPLE_DATA_CDR2_G53Q,,antibody,,,70.0,,20.0,0.71,,,-0.0,,,,,"{'esm1v': -2.002, 'ablang': 0.335, 'n_liabilities': 0, 'mutations': 'G53Q', 'cdr': 'CDR2', 'synthetic': True}",0,2.49,['failed L1 self-consistency']
EXAMPLE_DATA_CDR3_A86F,,antibody,,,70.0,,17.0,0.72,,,-0.0,,,,,"{'esm1v': -0.067, 'ablang': 0.131, 'n_liabilities': 0, 'mutations': 'A86F', 'cdr': 'CDR3', 'synthetic': True}",0,2.48,['failed L1 self-consistency']
EXAMPLE_DATA_CDR3_A86V,,antibody,,,70.0,,13.0,0.72,,,-0.0,,,,,"{'esm1v': 0.058, 'ablang': 0.05, 'n_liabilities': 0, 'mutations': 'A86V', 'cdr': 'CDR3', 'synthetic': True}",0,2.48,['failed L1 self-consistency']
EXAMPLE_DATA_CDR1_T28S,,antibody,,,70.0,,14.0,0.73,,,-0.0,,,,,"{'esm1v': -2.967, 'ablang': 0.897, 'n_liabilities': 0, 'mutations': 'T28S', 'cdr': 'CDR1', 'synthetic': True}",0,2.47,['failed L1 self-consistency']
EXAMPLE_DATA_CDR3_R89I,,antibody,,,70.0,,15.0,0.74,,,-0.0,,,,,"{'esm1v': 0.703, 'ablang': 0.271, 'n_liabilities': 0, 'mutations': 'R89I', 'cdr': 'CDR3', 'synthetic': True}",0,2.46,['failed L1 self-consistency']
EXAMPLE_DATA_CDR1_S30N,,antibody,,,70.0,,20.0,0.75,,,-0.0,,,,,"{'esm1v': -2.245, 'ablang': 0.959, 'n_liabilities': 0, 'mutations': 'S30N', 'cdr': 'CDR1', 'synthetic': True}",0,2.45,['failed L1 self-consistency']
EXAMPLE_DATA_CDR3_G90E,,antibody,,,70.0,,16.0,0.75,,,-0.0,,,,,"{'esm1v': -0.352, 'ablang': 0.957, 'n_liabilities': 0, 'mutations': 'G90E', 'cdr': 'CDR3', 'synthetic': True}",0,2.45,['failed L1 self-consistency']
EXAMPLE_DATA_CDR3_G90L,,antibody,,,70.0,,18.0,0.77,,,-0.0,,,,,"{'esm1v': -2.58, 'ablang': 0.637, 'n_liabilities': 0, 'mutations': 'G90L', 'cdr': 'CDR3', 'synthetic': True}",0,2.43,['failed L1 self-consistency']
EXAMPLE_DATA_CDR3_F94C,,antibody,,,70.0,,14.0,0.77,,,-1.0,,,,,"{'esm1v': 2.242, 'ablang': 0.159, 'n_liabilities': 1, 'mutations': 'F94C', 'cdr': 'CDR3', 'synthetic': True}",0,2.43,['failed L1 self-consistency']
EXAMPLE_DATA_CDR1_G26T,,antibody,,,70.0,,19.0,0.78,,,-0.0,,,,,"{'esm1v': -0.384, 'ablang': 0.07, 'n_liabilities': 0, 'mutations': 'G26T', 'cdr': 'CDR1', 'synthetic': True}",0,2.42,['failed L1 self-consistency']
EXAMPLE_DATA_CDR1_A33K,,antibody,,,70.0,,14.0,0.81,,,-0.0,,,,,"{'esm1v': -1.629, 'ablang': 0.322, 'n_liabilities': 0, 'mutations': 'A33K', 'cdr': 'CDR1', 'synthetic': True}",0,2.39,['failed L1 self-consistency']
EXAMPLE_DATA_CDR2_G50K,,antibody,,,70.0,,14.0,0.81,,,-0.0,,,,,"{'esm1v': -2.853, 'ablang': 0.48, 'n_liabilities': 0, 'mutations': 'G50K', 'cdr': 'CDR2', 'synthetic': True}",0,2.39,['failed L1 self-consistency']
EXAMPLE_DATA_CDR1_A33V,,antibody,,,70.0,,15.0,0.82,,,-0.0,,,,,"{'esm1v': 0.211, 'ablang': 0.275, 'n_liabilities': 0, 'mutations': 'A33V', 'cdr': 'CDR1', 'synthetic': True}",0,2.38,['failed L1 self-consistency']
EXAMPLE_DATA_CDR3_D95L,,antibody,,,70.0,,14.0,0.85,,,-0.0,,,,,"{'esm1v': 1.211, 'ablang': 0.425, 'n_liabilities': 0, 'mutations': 'D95L', 'cdr': 'CDR3', 'synthetic': True}",0,2.35,['failed L1 self-consistency']
EXAMPLE_DATA_CDR3_A86L,,antibody,,,70.0,,16.0,0.87,,,-0.0,,,,,"{'esm1v': -2.62, 'ablang': 0.793, 'n_liabilities': 0, 'mutations': 'A86L', 'cdr': 'CDR3', 'synthetic': True}",0,2.33,['failed L1 self-consistency']
EXAMPLE_DATA_CDR2_G50A,,antibody,,,70.0,,18.0,0.89,,,-0.0,,,,,"{'esm1v': 2.002, 'ablang': 0.794, 'n_liabilities': 0, 'mutations': 'G50A', 'cdr': 'CDR2', 'synthetic': True}",0,2.31,['failed L1 self-consistency']
EXAMPLE_DATA_CDR1_F29Q,,antibody,,,70.0,,16.0,0.95,,,-0.0,,,,,"{'esm1v': -1.35, 'ablang': 0.232, 'n_liabilities': 0, 'mutations': 'F29Q', 'cdr': 'CDR1', 'synthetic': True}",0,2.25,['failed L1 self-consistency']
EXAMPLE_DATA_CDR3_D88R,,antibody,,,70.0,,16.0,0.95,,,-0.0,,,,,"{'esm1v': 0.346, 'ablang': 0.011, 'n_liabilities': 0, 'mutations': 'D88R', 'cdr': 'CDR3', 'synthetic': True}",0,2.25,['failed L1 self-consistency']
EXAMPLE_DATA_CDR3_G92S,,antibody,,,70.0,,17.0,0.96,,,-0.0,,,,,"{'esm1v': 1.687, 'ablang': 0.951, 'n_liabilities': 0, 'mutations': 'G92S', 'cdr': 'CDR3', 'synthetic': True}",0,2.24,['failed L1 self-consistency']
EXAMPLE_DATA_CDR2_I48C,,antibody,,,70.0,,19.0,0.98,,,-1.0,,,,,"{'esm1v': -1.829, 'ablang': 0.196, 'n_liabilities': 1, 'mutations': 'I48C', 'cdr': 'CDR2', 'synthetic': True}",0,2.22,['failed L1 self-consistency']
EXAMPLE_DATA_CDR3_F94M,,antibody,,,70.0,,20.0,0.99,,,-1.0,,,,,"{'esm1v': 0.043, 'ablang': 0.304, 'n_liabilities': 1, 'mutations': 'F94M', 'cdr': 'CDR3', 'synthetic': True}",0,2.21,['failed L1 self-consistency']
EXAMPLE_DATA_CDR1_T28F,,antibody,,,70.0,,14.0,1.01,,,-0.0,,,,,"{'esm1v': 0.028, 'ablang': 0.023, 'n_liabilities': 0, 'mutations': 'T28F', 'cdr': 'CDR1', 'synthetic': True}",0,2.19,['failed L1 self-consistency']
EXAMPLE_DATA_CDR3_A86N,,antibody,,,70.0,,13.0,1.04,,,-0.0,,,,,"{'esm1v': 1.118, 'ablang': 0.735, 'n_liabilities': 0, 'mutations': 'A86N', 'cdr': 'CDR3', 'synthetic': True}",0,2.16,['failed L1 self-consistency']
EXAMPLE_DATA_CDR3_L91E,,antibody,,,70.0,,13.0,1.04,,,-0.0,,,,,"{'esm1v': 0.226, 'ablang': 0.122, 'n_liabilities': 0, 'mutations': 'L91E', 'cdr': 'CDR3', 'synthetic': True}",0,2.16,['failed L1 self-consistency']
EXAMPLE_DATA_CDR2_I48K,,antibody,,,70.0,,14.0,1.05,,,-0.0,,,,,"{'esm1v': -1.227, 'ablang': 0.252, 'n_liabilities': 0, 'mutations': 'I48K', 'cdr': 'CDR2', 'synthetic': True}",0,2.15,['failed L1 self-consistency']
EXAMPLE_DATA_CDR3_G92A,,antibody,,,70.0,,20.0,1.07,,,-0.0,,,,,"{'esm1v': -1.693, 'ablang': 0.045, 'n_liabilities': 0, 'mutations': 'G92A', 'cdr': 'CDR3', 'synthetic': True}",0,2.13,['failed L1 self-consistency']
EXAMPLE_DATA_CDR1_T28A,,antibody,,,70.0,,14.0,1.09,,,-0.0,,,,,"{'esm1v': -1.063, 'ablang': 0.002, 'n_liabilities': 0, 'mutations': 'T28A', 'cdr': 'CDR1', 'synthetic': True}",0,2.11,['failed L1 self-consistency']
EXAMPLE_DATA_CDR3_G90S,,antibody,,,70.0,,14.0,1.09,,,-0.0,,,,,"{'esm1v': -2.891, 'ablang': 0.549, 'n_liabilities': 0, 'mutations': 'G90S', 'cdr': 'CDR3', 'synthetic': True}",0,2.11,['failed L1 self-consistency']
EXAMPLE_DATA_CDR1_F29H,,antibody,,,70.0,,20.0,1.11,,,-0.0,,,,,"{'esm1v': -1.618, 'ablang': 0.736, 'n_liabilities': 0, 'mutations': 'F29H', 'cdr': 'CDR1', 'synthetic': True}",0,2.09,['failed L1 self-consistency']
EXAMPLE_DATA_CDR1_A33M,,antibody,,,70.0,,13.0,1.12,,,-1.0,,,,,"{'esm1v': -2.774, 'ablang': 0.898, 'n_liabilities': 1, 'mutations': 'A33M', 'cdr': 'CDR1', 'synthetic': True}",0,2.08,['failed L1 self-consistency']
EXAMPLE_DATA_CDR2_S49N,,antibody,,,70.0,,19.0,1.14,,,-2.0,,,,,"{'esm1v': 2.421, 'ablang': 0.421, 'n_liabilities': 2, 'mutations': 'S49N', 'cdr': 'CDR2', 'synthetic': True}",0,2.06,['failed L1 self-consistency']
EXAMPLE_DATA_CDR1_A33C,,antibody,,,70.0,,16.0,1.15,,,-1.0,,,,,"{'esm1v': 1.766, 'ablang': 0.522, 'n_liabilities': 1, 'mutations': 'A33C', 'cdr': 'CDR1', 'synthetic': True}",0,2.05,['failed L1 self-consistency']
EXAMPLE_DATA_CDR2_I48Q,,antibody,,,70.0,,17.0,1.16,,,-0.0,,,,,"{'esm1v': -1.651, 'ablang': 0.922, 'n_liabilities': 0, 'mutations': 'I48Q', 'cdr': 'CDR2', 'synthetic': True}",0,2.04,['failed L1 self-consistency']
EXAMPLE_DATA_CDR3_Y93D,,antibody,,,70.0,,17.0,1.16,,,-0.0,,,,,"{'esm1v': 0.11, 'ablang': 0.973, 'n_liabilities': 0, 'mutations': 'Y93D', 'cdr': 'CDR3', 'synthetic': True}",0,2.04,['failed L1 self-consistency']
EXAMPLE_DATA_MPNN_CDR1_003,,antibody,,,70.0,,13.0,1.16,,,-1.0,,,,,"{'esm1v': nan, 'ablang': 0.808, 'n_liabilities': 1, 'mutations': 'G26L+F27R+T28Y+F29A+S30Q+D31W+A33T', 'cdr': 'CDR1', 'synthetic': True}",0,2.04,['failed L1 self-consistency']
EXAMPLE_DATA_MPNN_CDR3_000,,antibody,,,70.0,,18.0,1.17,,,-2.0,,,,,"{'esm1v': nan, 'ablang': 0.313, 'n_liabilities': 2, 'mutations': 'A86D+R87N+D88K+R89C+G90R+L91S+G92P+Y93C+F94D+D95I+Y96T', 'cdr': 'CDR3', 'synthetic': True}",0,2.03,['failed L1 self-consistency']
EXAMPLE_DATA_CDR3_Y96K,,antibody,,,70.0,,15.0,1.18,,,-0.0,,,,,"{'esm1v': 1.649, 'ablang': 0.579, 'n_liabilities': 0, 'mutations': 'Y96K', 'cdr': 'CDR3', 'synthetic': True}",0,2.02,['failed L1 self-consistency']
EXAMPLE_DATA_CDR1_T28W,,antibody,,,70.0,,16.0,1.19,,,-1.0,,,,,"{'esm1v': -0.188, 'ablang': 0.254, 'n_liabilities': 1, 'mutations': 'T28W', 'cdr': 'CDR1', 'synthetic': True}",0,2.01,['failed L1 self-consistency']
EXAMPLE_DATA_MPNN_CDR2_000,,antibody,,,70.0,,14.0,1.21,,,-1.0,,,,,"{'esm1v': nan, 'ablang': 0.857, 'n_liabilities': 1, 'mutations': 'I48E+S49T+G50Q+S51M+G52Y+G53A+S54G+T55H', 'cdr': 'CDR2', 'synthetic': True}",0,1.99,['failed L1 self-consistency']
EXAMPLE_DATA_CDR2_G52C,,antibody,,,70.0,,15.0,1.22,,,-1.0,,,,,"{'esm1v': 1.034, 'ablang': 0.682, 'n_liabilities': 1, 'mutations': 'G52C', 'cdr': 'CDR2', 'synthetic': True}",0,1.98,['failed L1 self-consistency']
EXAMPLE_DATA_CDR3_A86D,,antibody,,,70.0,,17.0,1.24,,,-0.0,,,,,"{'esm1v': -1.985, 'ablang': 0.61, 'n_liabilities': 0, 'mutations': 'A86D', 'cdr': 'CDR3', 'synthetic': True}",0,1.96,['failed L1 self-consistency']
EXAMPLE_DATA_CDR1_S30D,,antibody,,,70.0,,14.0,1.25,,,-0.0,,,,,"{'esm1v': 1.053, 'ablang': 0.769, 'n_liabilities': 0, 'mutations': 'S30D', 'cdr': 'CDR1', 'synthetic': True}",0,1.95,['failed L1 self-consistency']
EXAMPLE_DATA_CDR2_T55F,,antibody,,,70.0,,15.0,1.26,,,-0.0,,,,,"{'esm1v': 2.403, 'ablang': 0.04, 'n_liabilities': 0, 'mutations': 'T55F', 'cdr': 'CDR2', 'synthetic': True}",0,1.94,['failed L1 self-consistency']
EXAMPLE_DATA_CDR3_R87A,,antibody,,,70.0,,19.0,1.26,,,-0.0,,,,,"{'esm1v': -1.258, 'ablang': 0.768, 'n_liabilities': 0, 'mutations': 'R87A', 'cdr': 'CDR3', 'synthetic': True}",0,1.94,['failed L1 self-consistency']
EXAMPLE_DATA_CDR1_D31V,,antibody,,,70.0,,20.0,1.27,,,-0.0,,,,,"{'esm1v': -0.224, 'ablang': 0.133, 'n_liabilities': 0, 'mutations': 'D31V', 'cdr': 'CDR1', 'synthetic': True}",0,1.93,['failed L1 self-consistency']
EXAMPLE_DATA_CDR1_Y32D,,antibody,,,70.0,,13.0,1.28,,,-0.0,,,,,"{'esm1v': -1.395, 'ablang': 0.282, 'n_liabilities': 0, 'mutations': 'Y32D', 'cdr': 'CDR1', 'synthetic': True}",0,1.92,['failed L1 self-consistency']
EXAMPLE_DATA_CDR2_T55V,,antibody,,,70.0,,13.0,1.28,,,-0.0,,,,,"{'esm1v': -1.633, 'ablang': 0.924, 'n_liabilities': 0, 'mutations': 'T55V', 'cdr': 'CDR2', 'synthetic': True}",0,1.92,['failed L1 self-consistency']
EXAMPLE_DATA_CDR1_G26F,,antibody,,,70.0,,18.0,1.29,,,-0.0,,,,,"{'esm1v': -0.518, 'ablang': 0.207, 'n_liabilities': 0, 'mutations': 'G26F', 'cdr': 'CDR1', 'synthetic': True}",0,1.91,['failed L1 self-consistency']
EXAMPLE_DATA_CDR3_R89D,,antibody,,,70.0,,18.0,1.29,,,-1.0,,,,,"{'esm1v': 0.423, 'ablang': 0.518, 'n_liabilities': 1, 'mutations': 'R89D', 'cdr': 'CDR3', 'synthetic': True}",0,1.91,['failed L1 self-consistency']
EXAMPLE_DATA_CDR3_D95A,,antibody,,,70.0,,14.0,1.29,,,-0.0,,,,,"{'esm1v': 2.049, 'ablang': 0.203, 'n_liabilities': 0, 'mutations': 'D95A', 'cdr': 'CDR3', 'synthetic': True}",0,1.91,['failed L1 self-consistency']
EXAMPLE_DATA_CDR3_L91N,,antibody,,,70.0,,16.0,1.31,,,-1.0,,,,,"{'esm1v': 1.185, 'ablang': 0.028, 'n_liabilities': 1, 'mutations': 'L91N', 'cdr': 'CDR3', 'synthetic': True}",0,1.89,['failed L1 self-consistency']
EXAMPLE_DATA_CDR3_Y93S,,antibody,,,70.0,,16.0,1.31,,,-0.0,,,,,"{'esm1v': -0.475, 'ablang': 0.967, 'n_liabilities': 0, 'mutations': 'Y93S', 'cdr': 'CDR3', 'synthetic': True}",0,1.89,['failed L1 self-consistency']
EXAMPLE_DATA_CDR2_S49A,,antibody,,,70.0,,14.0,1.33,,,-0.0,,,,,"{'esm1v': 1.985, 'ablang': 0.806, 'n_liabilities': 0, 'mutations': 'S49A', 'cdr': 'CDR2', 'synthetic': True}",0,1.87,['failed L1 self-consistency']
EXAMPLE_DATA_CDR3_G90H,,antibody,,,70.0,,20.0,1.35,,,-0.0,,,,,"{'esm1v': 2.004, 'ablang': 0.74, 'n_liabilities': 0, 'mutations': 'G90H', 'cdr': 'CDR3', 'synthetic': True}",0,1.85,['failed L1 self-consistency']
EXAMPLE_DATA_CDR1_T28P,,antibody,,,70.0,,17.0,1.36,,,-0.0,,,,,"{'esm1v': -1.113, 'ablang': 0.807, 'n_liabilities': 0, 'mutations': 'T28P', 'cdr': 'CDR1', 'synthetic': True}",0,1.84,['failed L1 self-consistency']
EXAMPLE_DATA_CDR2_G52T,,antibody,,,70.0,,13.0,1.36,,,-0.0,,,,,"{'esm1v': -2.06, 'ablang': 0.903, 'n_liabilities': 0, 'mutations': 'G52T', 'cdr': 'CDR2', 'synthetic': True}",0,1.84,['failed L1 self-consistency']
EXAMPLE_DATA_CDR2_T55A,,antibody,,,70.0,,13.0,1.36,,,-0.0,,,,,"{'esm1v': 0.964, 'ablang': 0.437, 'n_liabilities': 0, 'mutations': 'T55A', 'cdr': 'CDR2', 'synthetic': True}",0,1.84,['failed L1 self-consistency']
EXAMPLE_DATA_CDR3_A86Y,,antibody,,,70.0,,17.0,1.36,,,-0.0,,,,,"{'esm1v': -1.14, 'ablang': 0.197, 'n_liabilities': 0, 'mutations': 'A86Y', 'cdr': 'CDR3', 'synthetic': True}",0,1.84,['failed L1 self-consistency']
EXAMPLE_DATA_CDR2_G50F,,antibody,,,70.0,,15.0,1.38,,,-0.0,,,,,"{'esm1v': 1.468, 'ablang': 0.115, 'n_liabilities': 0, 'mutations': 'G50F', 'cdr': 'CDR2', 'synthetic': True}",0,1.82,['failed L1 self-consistency']
EXAMPLE_DATA_CDR3_G92V,,antibody,,,70.0,,15.0,1.38,,,-0.0,,,,,"{'esm1v': -0.795, 'ablang': 0.014, 'n_liabilities': 0, 'mutations': 'G92V', 'cdr': 'CDR3', 'synthetic': True}",0,1.82,['failed L1 self-consistency']
EXAMPLE_DATA_CDR1_D31A,,antibody,,,70.0,,14.0,1.41,,,-0.0,,,,,"{'esm1v': -1.858, 'ablang': 0.858, 'n_liabilities': 0, 'mutations': 'D31A', 'cdr': 'CDR1', 'synthetic': True}",0,1.79,['failed L1 self-consistency']
EXAMPLE_DATA_CDR2_I48M,,antibody,,,70.0,,18.0,1.41,,,-1.0,,,,,"{'esm1v': -2.742, 'ablang': 0.663, 'n_liabilities': 1, 'mutations': 'I48M', 'cdr': 'CDR2', 'synthetic': True}",0,1.79,['failed L1 self-consistency']
EXAMPLE_DATA_CDR2_G53R,,antibody,,,70.0,,15.0,1.42,,,-0.0,,,,,"{'esm1v': 0.217, 'ablang': 0.519, 'n_liabilities': 0, 'mutations': 'G53R', 'cdr': 'CDR2', 'synthetic': True}",0,1.78,['failed L1 self-consistency']
EXAMPLE_DATA_CDR3_G92Q,,antibody,,,70.0,,19.0,1.42,,,-0.0,,,,,"{'esm1v': -0.491, 'ablang': 0.45, 'n_liabilities': 0, 'mutations': 'G92Q', 'cdr': 'CDR3', 'synthetic': True}",0,1.78,['failed L1 self-consistency']
EXAMPLE_DATA_CDR1_F27E,,antibody,,,70.0,,17.0,1.44,,,-0.0,,,,,"{'esm1v': 0.046, 'ablang': 0.626, 'n_liabilities': 0, 'mutations': 'F27E', 'cdr': 'CDR1', 'synthetic': True}",0,1.76,['failed L1 self-consistency']
EXAMPLE_DATA_CDR3_D95I,,antibody,,,70.0,,18.0,1.45,,,-0.0,,,,,"{'esm1v': -2.735, 'ablang': 0.823, 'n_liabilities': 0, 'mutations': 'D95I', 'cdr': 'CDR3', 'synthetic': True}",0,1.75,['failed L1 self-consistency']
EXAMPLE_DATA_CDR1_S30Q,,antibody,,,70.0,,14.0,1.49,,,-0.0,,,,,"{'esm1v': 1.767, 'ablang': 0.581, 'n_liabilities': 0, 'mutations': 'S30Q', 'cdr': 'CDR1', 'synthetic': True}",0,1.71,['failed L1 self-consistency']
EXAMPLE_DATA_CDR1_S30Y,,antibody,,,70.0,,16.0,1.51,,,-0.0,,,,,"{'esm1v': -2.189, 'ablang': 0.784, 'n_liabilities': 0, 'mutations': 'S30Y', 'cdr': 'CDR1', 'synthetic': True}",0,1.69,['failed L1 self-consistency']
EXAMPLE_DATA_CDR1_G26S,,antibody,,,70.0,,18.0,1.53,,,-0.0,,,,,"{'esm1v': 2.027, 'ablang': 0.239, 'n_liabilities': 0, 'mutations': 'G26S', 'cdr': 'CDR1', 'synthetic': True}",0,1.67,['failed L1 self-consistency']
EXAMPLE_DATA_CDR3_Y93T,,antibody,,,70.0,,18.0,1.53,,,-0.0,,,,,"{'esm1v': -0.477, 'ablang': 0.262, 'n_liabilities': 0, 'mutations': 'Y93T', 'cdr': 'CDR3', 'synthetic': True}",0,1.67,['failed L1 self-consistency']
EXAMPLE_DATA_CDR1_D31T,,antibody,,,70.0,,16.0,1.55,,,-0.0,,,,,"{'esm1v': 1.211, 'ablang': 0.299, 'n_liabilities': 0, 'mutations': 'D31T', 'cdr': 'CDR1', 'synthetic': True}",0,1.65,['failed L1 self-consistency']
EXAMPLE_DATA_CDR3_D88A,,antibody,,,70.0,,16.0,1.55,,,-0.0,,,,,"{'esm1v': 0.077, 'ablang': 0.929, 'n_liabilities': 0, 'mutations': 'D88A', 'cdr': 'CDR3', 'synthetic': True}",0,1.65,['failed L1 self-consistency']
EXAMPLE_DATA_CDR1_S30M,,antibody,,,70.0,,15.0,1.58,,,-1.0,,,,,"{'esm1v': -1.45, 'ablang': 0.732, 'n_liabilities': 1, 'mutations': 'S30M', 'cdr': 'CDR1', 'synthetic': True}",0,1.62,['failed L1 self-consistency']
EXAMPLE_DATA_CDR2_S51R,,antibody,,,70.0,,19.0,1.58,,,-0.0,,,,,"{'esm1v': 1.694, 'ablang': 0.679, 'n_liabilities': 0, 'mutations': 'S51R', 'cdr': 'CDR2', 'synthetic': True}",0,1.62,['failed L1 self-consistency']
EXAMPLE_DATA_CDR2_G52N,,antibody,,,70.0,,16.0,1.59,,,-2.0,,,,,"{'esm1v': 2.019, 'ablang': 0.127, 'n_liabilities': 2, 'mutations': 'G52N', 'cdr': 'CDR2', 'synthetic': True}",0,1.61,['failed L1 self-consistency']
EXAMPLE_DATA_CDR3_R87M,,antibody,,,70.0,,16.0,1.59,,,-1.0,,,,,"{'esm1v': 2.522, 'ablang': 0.029, 'n_liabilities': 1, 'mutations': 'R87M', 'cdr': 'CDR3', 'synthetic': True}",0,1.61,['failed L1 self-consistency']
EXAMPLE_DATA_CDR3_D88G,,antibody,,,70.0,,13.0,1.6,,,-0.0,,,,,"{'esm1v': -2.016, 'ablang': 0.101, 'n_liabilities': 0, 'mutations': 'D88G', 'cdr': 'CDR3', 'synthetic': True}",0,1.6,['failed L1 self-consistency']
EXAMPLE_DATA_CDR3_D95S,,antibody,,,70.0,,17.0,1.6,,,-0.0,,,,,"{'esm1v': -1.453, 'ablang': 0.404, 'n_liabilities': 0, 'mutations': 'D95S', 'cdr': 'CDR3', 'synthetic': True}",0,1.6,['failed L1 self-consistency']
EXAMPLE_DATA_CDR1_F29E,,antibody,,,70.0,,14.0,1.61,,,-0.0,,,,,"{'esm1v': 2.43, 'ablang': 0.916, 'n_liabilities': 0, 'mutations': 'F29E', 'cdr': 'CDR1', 'synthetic': True}",0,1.59,['failed L1 self-consistency']
EXAMPLE_DATA_CDR2_G52F,,antibody,,,70.0,,18.0,1.61,,,-0.0,,,,,"{'esm1v': 1.631, 'ablang': 0.554, 'n_liabilities': 0, 'mutations': 'G52F', 'cdr': 'CDR2', 'synthetic': True}",0,1.59,['failed L1 self-consistency']
EXAMPLE_DATA_CDR2_G50M,,antibody,,,70.0,,19.0,1.62,,,-1.0,,,,,"{'esm1v': -1.822, 'ablang': 0.761, 'n_liabilities': 1, 'mutations': 'G50M', 'cdr': 'CDR2', 'synthetic': True}",0,1.58,['failed L1 self-consistency']
EXAMPLE_DATA_CDR3_F94N,,antibody,,,70.0,,19.0,1.62,,,-0.0,,,,,"{'esm1v': 2.189, 'ablang': 0.374, 'n_liabilities': 0, 'mutations': 'F94N', 'cdr': 'CDR3', 'synthetic': True}",0,1.58,['failed L1 self-consistency']
EXAMPLE_DATA_CDR2_S49Q,,antibody,,,70.0,,16.0,1.67,,,-0.0,,,,,"{'esm1v': -2.681, 'ablang': 0.322, 'n_liabilities': 0, 'mutations': 'S49Q', 'cdr': 'CDR2', 'synthetic': True}",0,1.53,['failed L1 self-consistency']
EXAMPLE_DATA_CDR3_R87Q,,antibody,,,70.0,,20.0,1.67,,,-0.0,,,,,"{'esm1v': -2.217, 'ablang': 0.739, 'n_liabilities': 0, 'mutations': 'R87Q', 'cdr': 'CDR3', 'synthetic': True}",0,1.53,['failed L1 self-consistency']
EXAMPLE_DATA_MPNN_CDR2_004,,antibody,,,70.0,,17.0,1.68,,,-1.0,,,,,"{'esm1v': nan, 'ablang': 0.348, 'n_liabilities': 1, 'mutations': 'I48D+S49I+G50A+S51V+G52M+G53S+S54A+T55Q', 'cdr': 'CDR2', 'synthetic': True}",0,1.52,['failed L1 self-consistency']
EXAMPLE_DATA_MPNN_CDR2_006,,antibody,,,70.0,,17.0,1.68,,,-3.0,,,,,"{'esm1v': nan, 'ablang': 0.087, 'n_liabilities': 3, 'mutations': 'I48D+G50T+S51C+G52M+G53Y+S54A+T55V', 'cdr': 'CDR2', 'synthetic': True}",0,1.52,['failed L1 self-consistency']
EXAMPLE_DATA_CDR3_D88L,,antibody,,,70.0,,14.0,1.69,,,-0.0,,,,,"{'esm1v': -2.459, 'ablang': 0.667, 'n_liabilities': 0, 'mutations': 'D88L', 'cdr': 'CDR3', 'synthetic': True}",0,1.51,['failed L1 self-consistency']
EXAMPLE_DATA_CDR2_G50C,,antibody,,,70.0,,17.0,1.72,,,-1.0,,,,,"{'esm1v': -0.955, 'ablang': 0.458, 'n_liabilities': 1, 'mutations': 'G50C', 'cdr': 'CDR2', 'synthetic': True}",0,1.48,['failed L1 self-consistency']
EXAMPLE_DATA_CDR3_R89H,,antibody,,,70.0,,14.0,1.77,,,-0.0,,,,,"{'esm1v': -1.482, 'ablang': 0.596, 'n_liabilities': 0, 'mutations': 'R89H', 'cdr': 'CDR3', 'synthetic': True}",0,1.43,['failed L1 self-consistency']
EXAMPLE_DATA_CDR1_D31C,,antibody,,,70.0,,17.0,1.8,,,-1.0,,,,,"{'esm1v': -1.296, 'ablang': 0.982, 'n_liabilities': 1, 'mutations': 'D31C', 'cdr': 'CDR1', 'synthetic': True}",0,1.4,['failed L1 self-consistency']
EXAMPLE_DATA_CDR2_G53V,,antibody,,,70.0,,18.0,1.81,,,-0.0,,,,,"{'esm1v': 0.226, 'ablang': 0.792, 'n_liabilities': 0, 'mutations': 'G53V', 'cdr': 'CDR2', 'synthetic': True}",0,1.39,['failed L1 self-consistency']
EXAMPLE_DATA_CDR3_F94V,,antibody,,,70.0,,14.0,1.81,,,-0.0,,,,,"{'esm1v': 2.934, 'ablang': 0.629, 'n_liabilities': 0, 'mutations': 'F94V', 'cdr': 'CDR3', 'synthetic': True}",0,1.39,['failed L1 self-consistency']
EXAMPLE_DATA_CDR2_I48H,,antibody,,,70.0,,15.0,1.82,,,-0.0,,,,,"{'esm1v': 1.818, 'ablang': 0.686, 'n_liabilities': 0, 'mutations': 'I48H', 'cdr': 'CDR2', 'synthetic': True}",0,1.38,['failed L1 self-consistency']
EXAMPLE_DATA_CDR1_D31F,,antibody,,,70.0,,20.0,1.83,,,-0.0,,,,,"{'esm1v': -1.487, 'ablang': 0.914, 'n_liabilities': 0, 'mutations': 'D31F', 'cdr': 'CDR1', 'synthetic': True}",0,1.37,['failed L1 self-consistency']
EXAMPLE_DATA_CDR2_G53C,,antibody,,,70.0,,20.0,1.83,,,-1.0,,,,,"{'esm1v': -1.52, 'ablang': 0.503, 'n_liabilities': 1, 'mutations': 'G53C', 'cdr': 'CDR2', 'synthetic': True}",0,1.37,['failed L1 self-consistency']
EXAMPLE_DATA_CDR3_R87H,,antibody,,,70.0,,20.0,1.83,,,-0.0,,,,,"{'esm1v': 0.541, 'ablang': 0.843, 'n_liabilities': 0, 'mutations': 'R87H', 'cdr': 'CDR3', 'synthetic': True}",0,1.37,['failed L1 self-consistency']
EXAMPLE_DATA_CDR3_G90W,,antibody,,,70.0,,16.0,1.83,,,-1.0,,,,,"{'esm1v': 2.428, 'ablang': 0.276, 'n_liabilities': 1, 'mutations': 'G90W', 'cdr': 'CDR3', 'synthetic': True}",0,1.37,['failed L1 self-consistency']
EXAMPLE_DATA_CDR1_F29N,,antibody,,,70.0,,20.0,1.87,,,-1.0,,,,,"{'esm1v': 0.802, 'ablang': 0.748, 'n_liabilities': 1, 'mutations': 'F29N', 'cdr': 'CDR1', 'synthetic': True}",0,1.33,['failed L1 self-consistency']
EXAMPLE_DATA_CDR2_S49H,,antibody,,,70.0,,20.0,1.87,,,-0.0,,,,,"{'esm1v': -1.391, 'ablang': 0.455, 'n_liabilities': 0, 'mutations': 'S49H', 'cdr': 'CDR2', 'synthetic': True}",0,1.33,['failed L1 self-consistency']
EXAMPLE_DATA_CDR3_R89S,,antibody,,,70.0,,20.0,1.87,,,-1.0,,,,,"{'esm1v': -1.827, 'ablang': 0.006, 'n_liabilities': 1, 'mutations': 'R89S', 'cdr': 'CDR3', 'synthetic': True}",0,1.33,['failed L1 self-consistency']
EXAMPLE_DATA_CDR2_S49D,,antibody,,,70.0,,13.0,1.88,,,-1.0,,,,,"{'esm1v': 0.99, 'ablang': 0.83, 'n_liabilities': 1, 'mutations': 'S49D', 'cdr': 'CDR2', 'synthetic': True}",0,1.32,['failed L1 self-consistency']
EXAMPLE_DATA_CDR2_T55P,,antibody,,,70.0,,13.0,1.88,,,-0.0,,,,,"{'esm1v': -1.876, 'ablang': 0.234, 'n_liabilities': 0, 'mutations': 'T55P', 'cdr': 'CDR2', 'synthetic': True}",0,1.32,['failed L1 self-consistency']
EXAMPLE_DATA_CDR3_G90A,,antibody,,,70.0,,17.0,1.88,,,-0.0,,,,,"{'esm1v': -2.488, 'ablang': 0.013, 'n_liabilities': 0, 'mutations': 'G90A', 'cdr': 'CDR3', 'synthetic': True}",0,1.32,['failed L1 self-consistency']
EXAMPLE_DATA_CDR1_S30E,,antibody,,,70.0,,18.0,1.89,,,-0.0,,,,,"{'esm1v': 0.809, 'ablang': 0.236, 'n_liabilities': 0, 'mutations': 'S30E', 'cdr': 'CDR1', 'synthetic': True}",0,1.31,['failed L1 self-consistency']
EXAMPLE_DATA_CDR1_Y32E,,antibody,,,70.0,,18.0,1.89,,,-0.0,,,,,"{'esm1v': -1.388, 'ablang': 0.681, 'n_liabilities': 0, 'mutations': 'Y32E', 'cdr': 'CDR1', 'synthetic': True}",0,1.31,['failed L1 self-consistency']
EXAMPLE_DATA_CDR3_Y93P,,antibody,,,70.0,,18.0,1.89,,,-0.0,,,,,"{'esm1v': 2.07, 'ablang': 0.286, 'n_liabilities': 0, 'mutations': 'Y93P', 'cdr': 'CDR3', 'synthetic': True}",0,1.31,['failed L1 self-consistency']
EXAMPLE_DATA_CDR1_D31Q,,antibody,,,70.0,,19.0,1.9,,,-0.0,,,,,"{'esm1v': 2.027, 'ablang': 0.587, 'n_liabilities': 0, 'mutations': 'D31Q', 'cdr': 'CDR1', 'synthetic': True}",0,1.3,['failed L1 self-consistency']
EXAMPLE_DATA_CDR3_Y96I,,antibody,,,70.0,,15.0,1.9,,,-0.0,,,,,"{'esm1v': -1.438, 'ablang': 0.509, 'n_liabilities': 0, 'mutations': 'Y96I', 'cdr': 'CDR3', 'synthetic': True}",0,1.3,['failed L1 self-consistency']
EXAMPLE_DATA_CDR2_S51T,,antibody,,,70.0,,5.0,3.04,,,-0.0,,,,,"{'esm1v': 1.875, 'ablang': 0.779, 'n_liabilities': 0, 'mutations': 'S51T', 'cdr': 'CDR2', 'synthetic': True}",0,1.2833,['failed L1 self-consistency']
EXAMPLE_DATA_CDR2_G53I,,antibody,,,70.0,,5.0,3.08,,,-0.0,,,,,"{'esm1v': 1.057, 'ablang': 0.639, 'n_liabilities': 0, 'mutations': 'G53I', 'cdr': 'CDR2', 'synthetic': True}",0,1.2833,['failed L1 self-consistency']
EXAMPLE_DATA_CDR3_A86K,,antibody,,,70.0,,5.0,3.56,,,-0.0,,,,,"{'esm1v': -2.874, 'ablang': 0.736, 'n_liabilities': 0, 'mutations': 'A86K', 'cdr': 'CDR3', 'synthetic': True}",0,1.2833,['failed L1 self-consistency']
EXAMPLE_DATA_CDR3_R87C,,antibody,,,70.0,,5.0,3.24,,,-1.0,,,,,"{'esm1v': 2.401, 'ablang': 0.282, 'n_liabilities': 1, 'mutations': 'R87C', 'cdr': 'CDR3', 'synthetic': True}",0,1.2833,['failed L1 self-consistency']
EXAMPLE_DATA_CDR3_G92D,,antibody,,,70.0,,5.0,3.12,,,-0.0,,,,,"{'esm1v': -0.221, 'ablang': 0.087, 'n_liabilities': 0, 'mutations': 'G92D', 'cdr': 'CDR3', 'synthetic': True}",0,1.2833,['failed L1 self-consistency']
EXAMPLE_DATA_CDR3_D95P,,antibody,,,70.0,,5.0,3.44,,,-0.0,,,,,"{'esm1v': 1.345, 'ablang': 0.678, 'n_liabilities': 0, 'mutations': 'D95P', 'cdr': 'CDR3', 'synthetic': True}",0,1.2833,['failed L1 self-consistency']
EXAMPLE_DATA_CDR3_D95W,,antibody,,,70.0,,5.0,3.16,,,-1.0,,,,,"{'esm1v': -1.118, 'ablang': 0.154, 'n_liabilities': 1, 'mutations': 'D95W', 'cdr': 'CDR3', 'synthetic': True}",0,1.2833,['failed L1 self-consistency']
EXAMPLE_DATA_MPNN_CDR3_007,,antibody,,,70.0,,5.0,3.4,,,-2.0,,,,,"{'esm1v': nan, 'ablang': 0.684, 'n_liabilities': 2, 'mutations': 'A86D+R87N+D88P+R89L+G90M+L91E+G92A+Y93L+F94W+D95Y+Y96F', 'cdr': 'CDR3', 'synthetic': True}",0,1.2833,['failed L1 self-consistency']
EXAMPLE_DATA_CDR3_R87G,,antibody,,,70.0,,17.0,1.92,,,-0.0,,,,,"{'esm1v': 1.727, 'ablang': 0.926, 'n_liabilities': 0, 'mutations': 'R87G', 'cdr': 'CDR3', 'synthetic': True}",0,1.28,['failed L1 self-consistency']
EXAMPLE_DATA_CDR3_R89K,,antibody,,,70.0,,17.0,1.92,,,-0.0,,,,,"{'esm1v': 1.219, 'ablang': 0.244, 'n_liabilities': 0, 'mutations': 'R89K', 'cdr': 'CDR3', 'synthetic': True}",0,1.28,['failed L1 self-consistency']
EXAMPLE_DATA_CDR3_F94D,,antibody,,,70.0,,13.0,1.92,,,-0.0,,,,,"{'esm1v': 1.691, 'ablang': 0.353, 'n_liabilities': 0, 'mutations': 'F94D', 'cdr': 'CDR3', 'synthetic': True}",0,1.28,['failed L1 self-consistency']
EXAMPLE_DATA_CDR2_G50H,,antibody,,,70.0,,14.0,1.93,,,-0.0,,,,,"{'esm1v': -0.916, 'ablang': 0.863, 'n_liabilities': 0, 'mutations': 'G50H', 'cdr': 'CDR2', 'synthetic': True}",0,1.27,['failed L1 self-consistency']
EXAMPLE_DATA_CDR3_A86E,,antibody,,,70.0,,14.0,1.93,,,-0.0,,,,,"{'esm1v': -2.598, 'ablang': 0.038, 'n_liabilities': 0, 'mutations': 'A86E', 'cdr': 'CDR3', 'synthetic': True}",0,1.27,['failed L1 self-consistency']
EXAMPLE_DATA_CDR3_D95R,,antibody,,,70.0,,15.0,1.94,,,-0.0,,,,,"{'esm1v': -0.233, 'ablang': 0.306, 'n_liabilities': 0, 'mutations': 'D95R', 'cdr': 'CDR3', 'synthetic': True}",0,1.26,['failed L1 self-consistency']
EXAMPLE_DATA_CDR2_I48P,,antibody,,,70.0,,18.0,1.97,,,-0.0,,,,,"{'esm1v': 2.216, 'ablang': 0.052, 'n_liabilities': 0, 'mutations': 'I48P', 'cdr': 'CDR2', 'synthetic': True}",0,1.23,['failed L1 self-consistency']
EXAMPLE_DATA_CDR1_Y32N,,antibody,,,70.0,,15.0,1.98,,,-0.0,,,,,"{'esm1v': 1.25, 'ablang': 0.12, 'n_liabilities': 0, 'mutations': 'Y32N', 'cdr': 'CDR1', 'synthetic': True}",0,1.22,['failed L1 self-consistency']
EXAMPLE_DATA_CDR1_G26W,,antibody,,,70.0,,20.0,1.99,,,-1.0,,,,,"{'esm1v': 1.994, 'ablang': 0.216, 'n_liabilities': 1, 'mutations': 'G26W', 'cdr': 'CDR1', 'synthetic': True}",0,1.21,['failed L1 self-consistency']
EXAMPLE_DATA_CDR3_D88F,,antibody,,,70.0,,16.0,1.99,,,-0.0,,,,,"{'esm1v': -2.236, 'ablang': 0.786, 'n_liabilities': 0, 'mutations': 'D88F', 'cdr': 'CDR3', 'synthetic': True}",0,1.21,['failed L1 self-consistency']
EXAMPLE_DATA_CDR1_G26E,,antibody,,,70.0,,13.0,2.0,,,-0.0,,,,,"{'esm1v': 1.867, 'ablang': 0.736, 'n_liabilities': 0, 'mutations': 'G26E', 'cdr': 'CDR1', 'synthetic': True}",0,1.2,['failed L1 self-consistency']
EXAMPLE_DATA_CDR1_F29P,,antibody,,,70.0,,6.0,3.41,,,-0.0,,,,,"{'esm1v': 1.691, 'ablang': 0.226, 'n_liabilities': 0, 'mutations': 'F29P', 'cdr': 'CDR1', 'synthetic': True}",0,1.2,['failed L1 self-consistency']
EXAMPLE_DATA_CDR1_S30A,,antibody,,,70.0,,6.0,3.17,,,-0.0,,,,,"{'esm1v': -0.624, 'ablang': 0.772, 'n_liabilities': 0, 'mutations': 'S30A', 'cdr': 'CDR1', 'synthetic': True}",0,1.2,['failed L1 self-consistency']
EXAMPLE_DATA_CDR1_Y32V,,antibody,,,70.0,,6.0,3.13,,,-0.0,,,,,"{'esm1v': -0.462, 'ablang': 0.286, 'n_liabilities': 0, 'mutations': 'Y32V', 'cdr': 'CDR1', 'synthetic': True}",0,1.2,['failed L1 self-consistency']
EXAMPLE_DATA_CDR2_S49G,,antibody,,,70.0,,6.0,3.09,,,-0.0,,,,,"{'esm1v': -1.511, 'ablang': 0.026, 'n_liabilities': 0, 'mutations': 'S49G', 'cdr': 'CDR2', 'synthetic': True}",0,1.2,['failed L1 self-consistency']
EXAMPLE_DATA_CDR2_S49R,,antibody,,,70.0,,6.0,3.41,,,-0.0,,,,,"{'esm1v': -0.617, 'ablang': 0.464, 'n_liabilities': 0, 'mutations': 'S49R', 'cdr': 'CDR2', 'synthetic': True}",0,1.2,['failed L1 self-consistency']
EXAMPLE_DATA_CDR2_S51H,,antibody,,,70.0,,6.0,3.01,,,-0.0,,,,,"{'esm1v': 0.626, 'ablang': 0.533, 'n_liabilities': 0, 'mutations': 'S51H', 'cdr': 'CDR2', 'synthetic': True}",0,1.2,['failed L1 self-consistency']
EXAMPLE_DATA_CDR2_S51Y,,antibody,,,70.0,,6.0,3.57,,,-0.0,,,,,"{'esm1v': 0.676, 'ablang': 0.163, 'n_liabilities': 0, 'mutations': 'S51Y', 'cdr': 'CDR2', 'synthetic': True}",0,1.2,['failed L1 self-consistency']
EXAMPLE_DATA_CDR2_G52W,,antibody,,,70.0,,6.0,3.21,,,-1.0,,,,,"{'esm1v': 1.59, 'ablang': 0.59, 'n_liabilities': 1, 'mutations': 'G52W', 'cdr': 'CDR2', 'synthetic': True}",0,1.2,['failed L1 self-consistency']
EXAMPLE_DATA_CDR2_G53N,,antibody,,,70.0,,6.0,3.41,,,-2.0,,,,,"{'esm1v': 2.442, 'ablang': 0.451, 'n_liabilities': 2, 'mutations': 'G53N', 'cdr': 'CDR2', 'synthetic': True}",0,1.2,['failed L1 self-consistency']
EXAMPLE_DATA_CDR2_S54Q,,antibody,,,70.0,,6.0,3.37,,,-0.0,,,,,"{'esm1v': -2.708, 'ablang': 0.887, 'n_liabilities': 0, 'mutations': 'S54Q', 'cdr': 'CDR2', 'synthetic': True}",0,1.2,['failed L1 self-consistency']
EXAMPLE_DATA_CDR3_R87E,,antibody,,,70.0,,6.0,3.05,,,-0.0,,,,,"{'esm1v': -1.439, 'ablang': 0.404, 'n_liabilities': 0, 'mutations': 'R87E', 'cdr': 'CDR3', 'synthetic': True}",0,1.2,['failed L1 self-consistency']
EXAMPLE_DATA_CDR3_G90K,,antibody,,,70.0,,6.0,3.05,,,-0.0,,,,,"{'esm1v': -0.449, 'ablang': 0.377, 'n_liabilities': 0, 'mutations': 'G90K', 'cdr': 'CDR3', 'synthetic': True}",0,1.2,['failed L1 self-consistency']
EXAMPLE_DATA_CDR3_G92H,,antibody,,,70.0,,6.0,3.45,,,-0.0,,,,,"{'esm1v': 1.706, 'ablang': 0.576, 'n_liabilities': 0, 'mutations': 'G92H', 'cdr': 'CDR3', 'synthetic': True}",0,1.2,['failed L1 self-consistency']
EXAMPLE_DATA_MPNN_CDR3_002,,antibody,,,70.0,,6.0,3.53,,,-1.0,,,,,"{'esm1v': nan, 'ablang': 0.667, 'n_liabilities': 1, 'mutations': 'A86T+R87G+R89I+G90F+L91V+G92W+Y93S+D95G+Y96H', 'cdr': 'CDR3', 'synthetic': True}",0,1.2,['failed L1 self-consistency']
EXAMPLE_DATA_CDR1_S30V,,antibody,,,70.0,,18.0,2.01,,,-0.0,,,,,"{'esm1v': 0.036, 'ablang': 0.648, 'n_liabilities': 0, 'mutations': 'S30V', 'cdr': 'CDR1', 'synthetic': True}",0,1.19,['failed L1 self-consistency']
EXAMPLE_DATA_CDR3_D88M,,antibody,,,70.0,,19.0,2.02,,,-1.0,,,,,"{'esm1v': 0.852, 'ablang': 0.074, 'n_liabilities': 1, 'mutations': 'D88M', 'cdr': 'CDR3', 'synthetic': True}",0,1.18,['failed L1 self-consistency']
EXAMPLE_DATA_CDR1_F29S,,antibody,,,70.0,,17.0,2.04,,,-0.0,,,,,"{'esm1v': 0.328, 'ablang': 0.293, 'n_liabilities': 0, 'mutations': 'F29S', 'cdr': 'CDR1', 'synthetic': True}",0,1.16,['failed L1 self-consistency']
EXAMPLE_DATA_CDR2_G50V,,antibody,,,70.0,,13.0,2.04,,,-0.0,,,,,"{'esm1v': -2.949, 'ablang': 0.659, 'n_liabilities': 0, 'mutations': 'G50V', 'cdr': 'CDR2', 'synthetic': True}",0,1.16,['failed L1 self-consistency']
EXAMPLE_DATA_CDR2_S51M,,antibody,,,70.0,,18.0,2.05,,,-1.0,,,,,"{'esm1v': -2.904, 'ablang': 0.509, 'n_liabilities': 1, 'mutations': 'S51M', 'cdr': 'CDR2', 'synthetic': True}",0,1.15,['failed L1 self-consistency']
EXAMPLE_DATA_CDR2_T55L,,antibody,,,70.0,,19.0,2.06,,,-0.0,,,,,"{'esm1v': 2.351, 'ablang': 0.911, 'n_liabilities': 0, 'mutations': 'T55L', 'cdr': 'CDR2', 'synthetic': True}",0,1.14,['failed L1 self-consistency']
EXAMPLE_DATA_CDR3_F94R,,antibody,,,70.0,,19.0,2.06,,,-0.0,,,,,"{'esm1v': -2.39, 'ablang': 0.917, 'n_liabilities': 0, 'mutations': 'F94R', 'cdr': 'CDR3', 'synthetic': True}",0,1.14,['failed L1 self-consistency']
EXAMPLE_DATA_CDR1_T28Q,,antibody,,,70.0,,17.0,2.08,,,-0.0,,,,,"{'esm1v': -2.3, 'ablang': 0.63, 'n_liabilities': 0, 'mutations': 'T28Q', 'cdr': 'CDR1', 'synthetic': True}",0,1.12,['failed L1 self-consistency']
EXAMPLE_DATA_CDR2_I48D,,antibody,,,70.0,,7.0,3.54,,,-1.0,,,,,"{'esm1v': -1.286, 'ablang': 0.526, 'n_liabilities': 1, 'mutations': 'I48D', 'cdr': 'CDR2', 'synthetic': True}",0,1.1167,['failed L1 self-consistency']
EXAMPLE_DATA_CDR3_R87T,,antibody,,,70.0,,7.0,3.42,,,-0.0,,,,,"{'esm1v': -0.321, 'ablang': 0.062, 'n_liabilities': 0, 'mutations': 'R87T', 'cdr': 'CDR3', 'synthetic': True}",0,1.1167,['failed L1 self-consistency']
EXAMPLE_DATA_CDR3_D88I,,antibody,,,70.0,,7.0,3.26,,,-0.0,,,,,"{'esm1v': 2.212, 'ablang': 0.967, 'n_liabilities': 0, 'mutations': 'D88I', 'cdr': 'CDR3', 'synthetic': True}",0,1.1167,['failed L1 self-consistency']
EXAMPLE_DATA_CDR3_L91I,,antibody,,,70.0,,7.0,3.54,,,-0.0,,,,,"{'esm1v': -0.07, 'ablang': 0.721, 'n_liabilities': 0, 'mutations': 'L91I', 'cdr': 'CDR3', 'synthetic': True}",0,1.1167,['failed L1 self-consistency']
EXAMPLE_DATA_CDR3_L91V,,antibody,,,70.0,,7.0,3.5,,,-0.0,,,,,"{'esm1v': 0.391, 'ablang': 0.363, 'n_liabilities': 0, 'mutations': 'L91V', 'cdr': 'CDR3', 'synthetic': True}",0,1.1167,['failed L1 self-consistency']
EXAMPLE_DATA_CDR3_D95H,,antibody,,,70.0,,7.0,3.5,,,-0.0,,,,,"{'esm1v': -1.485, 'ablang': 0.287, 'n_liabilities': 0, 'mutations': 'D95H', 'cdr': 'CDR3', 'synthetic': True}",0,1.1167,['failed L1 self-consistency']
EXAMPLE_DATA_CDR3_L91H,,antibody,,,70.0,,18.0,2.09,,,-0.0,,,,,"{'esm1v': 0.706, 'ablang': 0.762, 'n_liabilities': 0, 'mutations': 'L91H', 'cdr': 'CDR3', 'synthetic': True}",0,1.11,['failed L1 self-consistency']
EXAMPLE_DATA_CDR1_Y32H,,antibody,,,70.0,,17.0,2.12,,,-0.0,,,,,"{'esm1v': 1.718, 'ablang': 0.351, 'n_liabilities': 0, 'mutations': 'Y32H', 'cdr': 'CDR1', 'synthetic': True}",0,1.08,['failed L1 self-consistency']
EXAMPLE_DATA_CDR3_Y93W,,antibody,,,70.0,,14.0,2.13,,,-1.0,,,,,"{'esm1v': -1.419, 'ablang': 0.013, 'n_liabilities': 1, 'mutations': 'Y93W', 'cdr': 'CDR3', 'synthetic': True}",0,1.07,['failed L1 self-consistency']
EXAMPLE_DATA_CDR3_D88P,,antibody,,,70.0,,20.0,2.15,,,-0.0,,,,,"{'esm1v': -2.974, 'ablang': 0.717, 'n_liabilities': 0, 'mutations': 'D88P', 'cdr': 'CDR3', 'synthetic': True}",0,1.05,['failed L1 self-consistency']
EXAMPLE_DATA_CDR3_Y93H,,antibody,,,70.0,,16.0,2.15,,,-0.0,,,,,"{'esm1v': -1.172, 'ablang': 0.282, 'n_liabilities': 0, 'mutations': 'Y93H', 'cdr': 'CDR3', 'synthetic': True}",0,1.05,['failed L1 self-consistency']
EXAMPLE_DATA_CDR1_G26N,,antibody,,,70.0,,17.0,2.16,,,-1.0,,,,,"{'esm1v': -0.087, 'ablang': 0.611, 'n_liabilities': 1, 'mutations': 'G26N', 'cdr': 'CDR1', 'synthetic': True}",0,1.04,['failed L1 self-consistency']
EXAMPLE_DATA_CDR3_D95T,,antibody,,,70.0,,13.0,2.16,,,-0.0,,,,,"{'esm1v': 0.663, 'ablang': 0.908, 'n_liabilities': 0, 'mutations': 'D95T', 'cdr': 'CDR3', 'synthetic': True}",0,1.04,['failed L1 self-consistency']
EXAMPLE_DATA_CDR1_G26I,,antibody,,,70.0,,8.0,3.59,,,-0.0,,,,,"{'esm1v': 2.529, 'ablang': 0.509, 'n_liabilities': 0, 'mutations': 'G26I', 'cdr': 'CDR1', 'synthetic': True}",0,1.0333,['failed L1 self-consistency']
EXAMPLE_DATA_CDR1_G26Y,,antibody,,,70.0,,8.0,3.23,,,-0.0,,,,,"{'esm1v': -1.451, 'ablang': 0.073, 'n_liabilities': 0, 'mutations': 'G26Y', 'cdr': 'CDR1', 'synthetic': True}",0,1.0333,['failed L1 self-consistency']
EXAMPLE_DATA_CDR2_S49T,,antibody,,,70.0,,8.0,3.03,,,-0.0,,,,,"{'esm1v': 1.397, 'ablang': 0.911, 'n_liabilities': 0, 'mutations': 'S49T', 'cdr': 'CDR2', 'synthetic': True}",0,1.0333,['failed L1 self-consistency']
EXAMPLE_DATA_CDR2_S51D,,antibody,,,70.0,,8.0,3.39,,,-1.0,,,,,"{'esm1v': -1.294, 'ablang': 0.048, 'n_liabilities': 1, 'mutations': 'S51D', 'cdr': 'CDR2', 'synthetic': True}",0,1.0333,['failed L1 self-consistency']
EXAMPLE_DATA_CDR3_F94Q,,antibody,,,70.0,,8.0,3.55,,,-0.0,,,,,"{'esm1v': 0.238, 'ablang': 0.999, 'n_liabilities': 0, 'mutations': 'F94Q', 'cdr': 'CDR3', 'synthetic': True}",0,1.0333,['failed L1 self-consistency']
EXAMPLE_DATA_CDR1_F27G,,antibody,,,70.0,,14.0,2.17,,,-0.0,,,,,"{'esm1v': -1.425, 'ablang': 0.537, 'n_liabilities': 0, 'mutations': 'F27G', 'cdr': 'CDR1', 'synthetic': True}",0,1.03,['failed L1 self-consistency']
EXAMPLE_DATA_CDR2_S54F,,antibody,,,70.0,,18.0,2.17,,,-0.0,,,,,"{'esm1v': 1.097, 'ablang': 0.077, 'n_liabilities': 0, 'mutations': 'S54F', 'cdr': 'CDR2', 'synthetic': True}",0,1.03,['failed L1 self-consistency']
EXAMPLE_DATA_CDR1_S30W,,antibody,,,70.0,,15.0,2.18,,,-1.0,,,,,"{'esm1v': -0.363, 'ablang': 0.485, 'n_liabilities': 1, 'mutations': 'S30W', 'cdr': 'CDR1', 'synthetic': True}",0,1.02,['failed L1 self-consistency']
EXAMPLE_DATA_CDR3_F94T,,antibody,,,70.0,,15.0,2.18,,,-0.0,,,,,"{'esm1v': 0.199, 'ablang': 0.252, 'n_liabilities': 0, 'mutations': 'F94T', 'cdr': 'CDR3', 'synthetic': True}",0,1.02,['failed L1 self-consistency']
EXAMPLE_DATA_CDR2_T55M,,antibody,,,70.0,,20.0,2.19,,,-1.0,,,,,"{'esm1v': -0.397, 'ablang': 0.322, 'n_liabilities': 1, 'mutations': 'T55M', 'cdr': 'CDR2', 'synthetic': True}",0,1.01,['failed L1 self-consistency']
EXAMPLE_DATA_CDR3_R87N,,antibody,,,70.0,,16.0,2.19,,,-0.0,,,,,"{'esm1v': -2.77, 'ablang': 0.047, 'n_liabilities': 0, 'mutations': 'R87N', 'cdr': 'CDR3', 'synthetic': True}",0,1.01,['failed L1 self-consistency']
EXAMPLE_DATA_CDR1_D31M,,antibody,,,70.0,,18.0,2.21,,,-1.0,,,,,"{'esm1v': -1.406, 'ablang': 0.621, 'n_liabilities': 1, 'mutations': 'D31M', 'cdr': 'CDR1', 'synthetic': True}",0,0.99,['failed L1 self-consistency']
EXAMPLE_DATA_CDR1_Y32I,,antibody,,,70.0,,20.0,2.23,,,-0.0,,,,,"{'esm1v': 1.009, 'ablang': 0.747, 'n_liabilities': 0, 'mutations': 'Y32I', 'cdr': 'CDR1', 'synthetic': True}",0,0.97,['failed L1 self-consistency']
EXAMPLE_DATA_CDR2_S54L,,antibody,,,70.0,,20.0,2.23,,,-0.0,,,,,"{'esm1v': -1.508, 'ablang': 0.335, 'n_liabilities': 0, 'mutations': 'S54L', 'cdr': 'CDR2', 'synthetic': True}",0,0.97,['failed L1 self-consistency']
EXAMPLE_DATA_CDR2_S54G,,antibody,,,70.0,,13.0,2.24,,,-0.0,,,,,"{'esm1v': 1.237, 'ablang': 0.535, 'n_liabilities': 0, 'mutations': 'S54G', 'cdr': 'CDR2', 'synthetic': True}",0,0.96,['failed L1 self-consistency']
EXAMPLE_DATA_CDR1_F29I,,antibody,,,70.0,,14.0,2.25,,,-0.0,,,,,"{'esm1v': 0.657, 'ablang': 0.608, 'n_liabilities': 0, 'mutations': 'F29I', 'cdr': 'CDR1', 'synthetic': True}",0,0.95,['failed L1 self-consistency']
EXAMPLE_DATA_CDR2_S51K,,antibody,,,70.0,,9.0,3.24,,,-0.0,,,,,"{'esm1v': -0.284, 'ablang': 0.879, 'n_liabilities': 0, 'mutations': 'S51K', 'cdr': 'CDR2', 'synthetic': True}",0,0.95,['failed L1 self-consistency']
EXAMPLE_DATA_CDR3_L91C,,antibody,,,70.0,,9.0,3.08,,,-1.0,,,,,"{'esm1v': -2.236, 'ablang': 0.489, 'n_liabilities': 1, 'mutations': 'L91C', 'cdr': 'CDR3', 'synthetic': True}",0,0.95,['failed L1 self-consistency']
EXAMPLE_DATA_CDR3_F94L,,antibody,,,70.0,,9.0,3.04,,,-0.0,,,,,"{'esm1v': 0.339, 'ablang': 0.195, 'n_liabilities': 0, 'mutations': 'F94L', 'cdr': 'CDR3', 'synthetic': True}",0,0.95,['failed L1 self-consistency']
EXAMPLE_DATA_CDR3_Y93A,,antibody,,,70.0,,13.0,2.28,,,-0.0,,,,,"{'esm1v': -1.222, 'ablang': 0.773, 'n_liabilities': 0, 'mutations': 'Y93A', 'cdr': 'CDR3', 'synthetic': True}",0,0.92,['failed L1 self-consistency']
EXAMPLE_DATA_CDR2_T55K,,antibody,,,70.0,,18.0,2.29,,,-0.0,,,,,"{'esm1v': -0.03, 'ablang': 0.243, 'n_liabilities': 0, 'mutations': 'T55K', 'cdr': 'CDR2', 'synthetic': True}",0,0.91,['failed L1 self-consistency']
EXAMPLE_DATA_CDR1_A33G,,antibody,,,70.0,,20.0,2.31,,,-0.0,,,,,"{'esm1v': -0.317, 'ablang': 0.111, 'n_liabilities': 0, 'mutations': 'A33G', 'cdr': 'CDR1', 'synthetic': True}",0,0.89,['failed L1 self-consistency']
EXAMPLE_DATA_CDR2_S51G,,antibody,,,70.0,,20.0,2.31,,,-0.0,,,,,"{'esm1v': -0.642, 'ablang': 0.972, 'n_liabilities': 0, 'mutations': 'S51G', 'cdr': 'CDR2', 'synthetic': True}",0,0.89,['failed L1 self-consistency']
EXAMPLE_DATA_CDR3_R89L,,antibody,,,70.0,,14.0,2.33,,,-0.0,,,,,"{'esm1v': -0.573, 'ablang': 0.801, 'n_liabilities': 0, 'mutations': 'R89L', 'cdr': 'CDR3', 'synthetic': True}",0,0.87,['failed L1 self-consistency']
EXAMPLE_DATA_CDR1_Y32F,,antibody,,,70.0,,10.0,3.45,,,-0.0,,,,,"{'esm1v': 1.331, 'ablang': 0.374, 'n_liabilities': 0, 'mutations': 'Y32F', 'cdr': 'CDR1', 'synthetic': True}",0,0.8667,['failed L1 self-consistency']
EXAMPLE_DATA_CDR2_G52E,,antibody,,,70.0,,10.0,3.21,,,-0.0,,,,,"{'esm1v': 0.916, 'ablang': 0.727, 'n_liabilities': 0, 'mutations': 'G52E', 'cdr': 'CDR2', 'synthetic': True}",0,0.8667,['failed L1 self-consistency']
EXAMPLE_DATA_CDR3_Y96D,,antibody,,,70.0,,10.0,3.17,,,-0.0,,,,,"{'esm1v': -2.588, 'ablang': 0.188, 'n_liabilities': 0, 'mutations': 'Y96D', 'cdr': 'CDR3', 'synthetic': True}",0,0.8667,['failed L1 self-consistency']
EXAMPLE_DATA_CDR1_A33L,,antibody,,,70.0,,19.0,2.34,,,-0.0,,,,,"{'esm1v': 0.807, 'ablang': 0.667, 'n_liabilities': 0, 'mutations': 'A33L', 'cdr': 'CDR1', 'synthetic': True}",0,0.86,['failed L1 self-consistency']
EXAMPLE_DATA_CDR1_F27D,,antibody,,,70.0,,20.0,2.35,,,-0.0,,,,,"{'esm1v': 2.308, 'ablang': 0.084, 'n_liabilities': 0, 'mutations': 'F27D', 'cdr': 'CDR1', 'synthetic': True}",0,0.85,['failed L1 self-consistency']
EXAMPLE_DATA_CDR2_G53K,,antibody,,,70.0,,16.0,2.35,,,-0.0,,,,,"{'esm1v': -1.187, 'ablang': 0.396, 'n_liabilities': 0, 'mutations': 'G53K', 'cdr': 'CDR2', 'synthetic': True}",0,0.85,['failed L1 self-consistency']
EXAMPLE_DATA_CDR2_T55E,,antibody,,,70.0,,16.0,2.35,,,-0.0,,,,,"{'esm1v': -2.614, 'ablang': 0.697, 'n_liabilities': 0, 'mutations': 'T55E', 'cdr': 'CDR2', 'synthetic': True}",0,0.85,['failed L1 self-consistency']
EXAMPLE_DATA_CDR3_G92C,,antibody,,,70.0,,20.0,2.35,,,-1.0,,,,,"{'esm1v': -0.256, 'ablang': 0.882, 'n_liabilities': 1, 'mutations': 'G92C', 'cdr': 'CDR3', 'synthetic': True}",0,0.85,['failed L1 self-consistency']
EXAMPLE_DATA_CDR1_A33S,,antibody,,,70.0,,17.0,2.36,,,-0.0,,,,,"{'esm1v': 1.48, 'ablang': 0.603, 'n_liabilities': 0, 'mutations': 'A33S', 'cdr': 'CDR1', 'synthetic': True}",0,0.84,['failed L1 self-consistency']
EXAMPLE_DATA_CDR2_S51Q,,antibody,,,70.0,,17.0,2.36,,,-0.0,,,,,"{'esm1v': 0.584, 'ablang': 0.078, 'n_liabilities': 0, 'mutations': 'S51Q', 'cdr': 'CDR2', 'synthetic': True}",0,0.84,['failed L1 self-consistency']
EXAMPLE_DATA_CDR3_D95N,,antibody,,,70.0,,18.0,2.37,,,-0.0,,,,,"{'esm1v': -1.068, 'ablang': 0.729, 'n_liabilities': 0, 'mutations': 'D95N', 'cdr': 'CDR3', 'synthetic': True}",0,0.83,['failed L1 self-consistency']
EXAMPLE_DATA_CDR3_Y96Q,,antibody,,,70.0,,14.0,2.37,,,-0.0,,,,,"{'esm1v': 1.073, 'ablang': 0.78, 'n_liabilities': 0, 'mutations': 'Y96Q', 'cdr': 'CDR3', 'synthetic': True}",0,0.83,['failed L1 self-consistency']
EXAMPLE_DATA_CDR1_F29Y,,antibody,,,70.0,,19.0,2.38,,,-0.0,,,,,"{'esm1v': 2.559, 'ablang': 0.53, 'n_liabilities': 0, 'mutations': 'F29Y', 'cdr': 'CDR1', 'synthetic': True}",0,0.82,['failed L1 self-consistency']
EXAMPLE_DATA_CDR2_S49P,,antibody,,,70.0,,15.0,2.38,,,-0.0,,,,,"{'esm1v': -1.477, 'ablang': 0.108, 'n_liabilities': 0, 'mutations': 'S49P', 'cdr': 'CDR2', 'synthetic': True}",0,0.82,['failed L1 self-consistency']
EXAMPLE_DATA_CDR3_R87L,,antibody,,,70.0,,19.0,2.38,,,-0.0,,,,,"{'esm1v': -1.401, 'ablang': 0.144, 'n_liabilities': 0, 'mutations': 'R87L', 'cdr': 'CDR3', 'synthetic': True}",0,0.82,['failed L1 self-consistency']
EXAMPLE_DATA_CDR1_A33N,,antibody,,,70.0,,20.0,2.39,,,-0.0,,,,,"{'esm1v': -2.678, 'ablang': 0.665, 'n_liabilities': 0, 'mutations': 'A33N', 'cdr': 'CDR1', 'synthetic': True}",0,0.81,['failed L1 self-consistency']
EXAMPLE_DATA_CDR1_Y32M,,antibody,,,70.0,,17.0,2.4,,,-1.0,,,,,"{'esm1v': -0.479, 'ablang': 0.97, 'n_liabilities': 1, 'mutations': 'Y32M', 'cdr': 'CDR1', 'synthetic': True}",0,0.8,['failed L1 self-consistency']
EXAMPLE_DATA_CDR2_T55D,,antibody,,,70.0,,13.0,2.4,,,-0.0,,,,,"{'esm1v': -0.085, 'ablang': 0.698, 'n_liabilities': 0, 'mutations': 'T55D', 'cdr': 'CDR2', 'synthetic': True}",0,0.8,['failed L1 self-consistency']
EXAMPLE_DATA_CDR3_A86W,,antibody,,,70.0,,14.0,2.41,,,-1.0,,,,,"{'esm1v': 1.964, 'ablang': 0.734, 'n_liabilities': 1, 'mutations': 'A86W', 'cdr': 'CDR3', 'synthetic': True}",0,0.79,['failed L1 self-consistency']
EXAMPLE_DATA_CDR1_F27P,,antibody,,,70.0,,11.0,3.5,,,-0.0,,,,,"{'esm1v': 0.342, 'ablang': 0.659, 'n_liabilities': 0, 'mutations': 'F27P', 'cdr': 'CDR1', 'synthetic': True}",0,0.7833,['failed L1 self-consistency']
EXAMPLE_DATA_CDR2_G53P,,antibody,,,70.0,,11.0,3.54,,,-0.0,,,,,"{'esm1v': 2.53, 'ablang': 0.315, 'n_liabilities': 0, 'mutations': 'G53P', 'cdr': 'CDR2', 'synthetic': True}",0,0.7833,['failed L1 self-consistency']
EXAMPLE_DATA_CDR3_R89Q,,antibody,,,70.0,,11.0,3.26,,,-0.0,,,,,"{'esm1v': -2.119, 'ablang': 0.266, 'n_liabilities': 0, 'mutations': 'R89Q', 'cdr': 'CDR3', 'synthetic': True}",0,0.7833,['failed L1 self-consistency']
EXAMPLE_DATA_MPNN_CDR3_005,,antibody,,,70.0,,11.0,3.18,,,-1.0,,,,,"{'esm1v': nan, 'ablang': 0.87, 'n_liabilities': 1, 'mutations': 'A86H+R87S+D88T+R89V+G90W+L91S+G92T+Y93G+F94H+D95I+Y96T', 'cdr': 'CDR3', 'synthetic': True}",0,0.7833,['failed L1 self-consistency']
EXAMPLE_DATA_CDR2_I48E,,antibody,,,70.0,,19.0,2.42,,,-0.0,,,,,"{'esm1v': -2.424, 'ablang': 0.849, 'n_liabilities': 0, 'mutations': 'I48E', 'cdr': 'CDR2', 'synthetic': True}",0,0.78,['failed L1 self-consistency']
EXAMPLE_DATA_CDR2_T55S,,antibody,,,70.0,,19.0,2.42,,,-0.0,,,,,"{'esm1v': -1.383, 'ablang': 0.757, 'n_liabilities': 0, 'mutations': 'T55S', 'cdr': 'CDR2', 'synthetic': True}",0,0.78,['failed L1 self-consistency']
EXAMPLE_DATA_CDR3_D88N,,antibody,,,70.0,,15.0,2.42,,,-0.0,,,,,"{'esm1v': 2.789, 'ablang': 0.316, 'n_liabilities': 0, 'mutations': 'D88N', 'cdr': 'CDR3', 'synthetic': True}",0,0.78,['failed L1 self-consistency']
EXAMPLE_DATA_MPNN_CDR2_005,,antibody,,,70.0,,19.0,2.42,,,-1.0,,,,,"{'esm1v': nan, 'ablang': 0.61, 'n_liabilities': 1, 'mutations': 'I48D+S49E+G50A+S51G+G52R+G53I+S54T+T55C', 'cdr': 'CDR2', 'synthetic': True}",0,0.78,['failed L1 self-consistency']
EXAMPLE_DATA_CDR3_A86H,,antibody,,,70.0,,20.0,2.43,,,-0.0,,,,,"{'esm1v': -0.283, 'ablang': 0.882, 'n_liabilities': 0, 'mutations': 'A86H', 'cdr': 'CDR3', 'synthetic': True}",0,0.77,['failed L1 self-consistency']
EXAMPLE_DATA_CDR3_L91Y,,antibody,,,70.0,,18.0,2.45,,,-0.0,,,,,"{'esm1v': 1.894, 'ablang': 0.162, 'n_liabilities': 0, 'mutations': 'L91Y', 'cdr': 'CDR3', 'synthetic': True}",0,0.75,['failed L1 self-consistency']
EXAMPLE_DATA_CDR3_Y93R,,antibody,,,70.0,,13.0,2.48,,,-0.0,,,,,"{'esm1v': 0.676, 'ablang': 0.269, 'n_liabilities': 0, 'mutations': 'Y93R', 'cdr': 'CDR3', 'synthetic': True}",0,0.72,['failed L1 self-consistency']
EXAMPLE_DATA_CDR1_G26A,,antibody,,,70.0,,16.0,3.23,,,-0.0,,,,,"{'esm1v': 0.811, 'ablang': 0.547, 'n_liabilities': 0, 'mutations': 'G26A', 'cdr': 'CDR1', 'synthetic': True}",0,0.7,['failed L1 self-consistency']
EXAMPLE_DATA_CDR1_G26M,,antibody,,,70.0,,19.0,2.78,,,-1.0,,,,,"{'esm1v': 1.553, 'ablang': 0.063, 'n_liabilities': 1, 'mutations': 'G26M', 'cdr': 'CDR1', 'synthetic': True}",0,0.7,['failed L1 self-consistency']
EXAMPLE_DATA_CDR1_G26V,,antibody,,,70.0,,19.0,2.9,,,-0.0,,,,,"{'esm1v': -1.717, 'ablang': 0.634, 'n_liabilities': 0, 'mutations': 'G26V', 'cdr': 'CDR1', 'synthetic': True}",0,0.7,['failed L1 self-consistency']
EXAMPLE_DATA_CDR1_F27C,,antibody,,,70.0,,20.0,2.59,,,-1.0,,,,,"{'esm1v': -2.362, 'ablang': 0.343, 'n_liabilities': 1, 'mutations': 'F27C', 'cdr': 'CDR1', 'synthetic': True}",0,0.7,['failed L1 self-consistency']
EXAMPLE_DATA_CDR1_F27N,,antibody,,,70.0,,17.0,3.48,,,-0.0,,,,,"{'esm1v': 0.113, 'ablang': 0.505, 'n_liabilities': 0, 'mutations': 'F27N', 'cdr': 'CDR1', 'synthetic': True}",0,0.7,['failed L1 self-consistency']
EXAMPLE_DATA_CDR1_F27V,,antibody,,,70.0,,19.0,2.74,,,-0.0,,,,,"{'esm1v': -2.915, 'ablang': 0.742, 'n_liabilities': 0, 'mutations': 'F27V', 'cdr': 'CDR1', 'synthetic': True}",0,0.7,['failed L1 self-consistency']
EXAMPLE_DATA_CDR1_F27W,,antibody,,,70.0,,16.0,2.75,,,-1.0,,,,,"{'esm1v': 1.707, 'ablang': 0.22, 'n_liabilities': 1, 'mutations': 'F27W', 'cdr': 'CDR1', 'synthetic': True}",0,0.7,['failed L1 self-consistency']
EXAMPLE_DATA_CDR1_T28E,,antibody,,,70.0,,20.0,3.07,,,-0.0,,,,,"{'esm1v': -1.717, 'ablang': 0.978, 'n_liabilities': 0, 'mutations': 'T28E', 'cdr': 'CDR1', 'synthetic': True}",0,0.7,['failed L1 self-consistency']
EXAMPLE_DATA_CDR1_T28G,,antibody,,,70.0,,16.0,3.39,,,-0.0,,,,,"{'esm1v': -2.49, 'ablang': 0.654, 'n_liabilities': 0, 'mutations': 'T28G', 'cdr': 'CDR1', 'synthetic': True}",0,0.7,['failed L1 self-consistency']
EXAMPLE_DATA_CDR1_T28M,,antibody,,,70.0,,13.0,2.84,,,-1.0,,,,,"{'esm1v': 2.221, 'ablang': 0.237, 'n_liabilities': 1, 'mutations': 'T28M', 'cdr': 'CDR1', 'synthetic': True}",0,0.7,['failed L1 self-consistency']
EXAMPLE_DATA_CDR1_T28Y,,antibody,,,70.0,,18.0,3.45,,,-0.0,,,,,"{'esm1v': 1.718, 'ablang': 0.389, 'n_liabilities': 0, 'mutations': 'T28Y', 'cdr': 'CDR1', 'synthetic': True}",0,0.7,['failed L1 self-consistency']
EXAMPLE_DATA_CDR1_F29G,,antibody,,,70.0,,12.0,3.43,,,-0.0,,,,,"{'esm1v': -1.909, 'ablang': 0.338, 'n_liabilities': 0, 'mutations': 'F29G', 'cdr': 'CDR1', 'synthetic': True}",0,0.7,['failed L1 self-consistency']
EXAMPLE_DATA_CDR1_F29L,,antibody,,,70.0,,18.0,2.73,,,-0.0,,,,,"{'esm1v': 2.653, 'ablang': 0.718, 'n_liabilities': 0, 'mutations': 'F29L', 'cdr': 'CDR1', 'synthetic': True}",0,0.7,['failed L1 self-consistency']
EXAMPLE_DATA_CDR1_F29R,,antibody,,,70.0,,18.0,3.29,,,-0.0,,,,,"{'esm1v': -2.128, 'ablang': 0.995, 'n_liabilities': 0, 'mutations': 'F29R', 'cdr': 'CDR1', 'synthetic': True}",0,0.7,['failed L1 self-consistency']
EXAMPLE_DATA_CDR1_F29W,,antibody,,,70.0,,18.0,2.69,,,-1.0,,,,,"{'esm1v': 2.779, 'ablang': 0.902, 'n_liabilities': 1, 'mutations': 'F29W', 'cdr': 'CDR1', 'synthetic': True}",0,0.7,['failed L1 self-consistency']
EXAMPLE_DATA_CDR1_S30H,,antibody,,,70.0,,17.0,2.88,,,-0.0,,,,,"{'esm1v': -0.492, 'ablang': 0.711, 'n_liabilities': 0, 'mutations': 'S30H', 'cdr': 'CDR1', 'synthetic': True}",0,0.7,['failed L1 self-consistency']
EXAMPLE_DATA_CDR1_S30L,,antibody,,,70.0,,19.0,3.34,,,-0.0,,,,,"{'esm1v': 1.264, 'ablang': 0.377, 'n_liabilities': 0, 'mutations': 'S30L', 'cdr': 'CDR1', 'synthetic': True}",0,0.7,['failed L1 self-consistency']
EXAMPLE_DATA_CDR1_S30R,,antibody,,,70.0,,19.0,3.34,,,-0.0,,,,,"{'esm1v': -0.31, 'ablang': 0.5, 'n_liabilities': 0, 'mutations': 'S30R', 'cdr': 'CDR1', 'synthetic': True}",0,0.7,['failed L1 self-consistency']
EXAMPLE_DATA_CDR1_D31G,,antibody,,,70.0,,13.0,3.48,,,-0.0,,,,,"{'esm1v': -2.366, 'ablang': 0.504, 'n_liabilities': 0, 'mutations': 'D31G', 'cdr': 'CDR1', 'synthetic': True}",0,0.7,['failed L1 self-consistency']
EXAMPLE_DATA_CDR1_D31L,,antibody,,,70.0,,15.0,2.62,,,-0.0,,,,,"{'esm1v': 1.374, 'ablang': 0.235, 'n_liabilities': 0, 'mutations': 'D31L', 'cdr': 'CDR1', 'synthetic': True}",0,0.7,['failed L1 self-consistency']
EXAMPLE_DATA_CDR1_D31N,,antibody,,,70.0,,14.0,3.29,,,-0.0,,,,,"{'esm1v': -1.205, 'ablang': 0.843, 'n_liabilities': 0, 'mutations': 'D31N', 'cdr': 'CDR1', 'synthetic': True}",0,0.7,['failed L1 self-consistency']
EXAMPLE_DATA_CDR1_D31R,,antibody,,,70.0,,15.0,3.58,,,-0.0,,,,,"{'esm1v': -2.041, 'ablang': 0.418, 'n_liabilities': 0, 'mutations': 'D31R', 'cdr': 'CDR1', 'synthetic': True}",0,0.7,['failed L1 self-consistency']
EXAMPLE_DATA_CDR1_Y32C,,antibody,,,70.0,,16.0,2.51,,,-1.0,,,,,"{'esm1v': 1.897, 'ablang': 0.887, 'n_liabilities': 1, 'mutations': 'Y32C', 'cdr': 'CDR1', 'synthetic': True}",0,0.7,['failed L1 self-consistency']
EXAMPLE_DATA_CDR1_Y32G,,antibody,,,70.0,,20.0,3.23,,,-1.0,,,,,"{'esm1v': -1.372, 'ablang': 0.752, 'n_liabilities': 1, 'mutations': 'Y32G', 'cdr': 'CDR1', 'synthetic': True}",0,0.7,['failed L1 self-consistency']
EXAMPLE_DATA_CDR1_Y32K,,antibody,,,70.0,,15.0,3.26,,,-0.0,,,,,"{'esm1v': -2.681, 'ablang': 0.838, 'n_liabilities': 0, 'mutations': 'Y32K', 'cdr': 'CDR1', 'synthetic': True}",0,0.7,['failed L1 self-consistency']
EXAMPLE_DATA_CDR1_Y32Q,,antibody,,,70.0,,15.0,3.06,,,-0.0,,,,,"{'esm1v': 0.509, 'ablang': 0.205, 'n_liabilities': 0, 'mutations': 'Y32Q', 'cdr': 'CDR1', 'synthetic': True}",0,0.7,['failed L1 self-consistency']
EXAMPLE_DATA_CDR1_Y32W,,antibody,,,70.0,,14.0,2.81,,,-1.0,,,,,"{'esm1v': 1.33, 'ablang': 0.847, 'n_liabilities': 1, 'mutations': 'Y32W', 'cdr': 'CDR1', 'synthetic': True}",0,0.7,['failed L1 self-consistency']
EXAMPLE_DATA_CDR1_A33D,,antibody,,,70.0,,13.0,2.76,,,-0.0,,,,,"{'esm1v': -1.204, 'ablang': 0.786, 'n_liabilities': 0, 'mutations': 'A33D', 'cdr': 'CDR1', 'synthetic': True}",0,0.7,['failed L1 self-consistency']
EXAMPLE_DATA_CDR1_A33H,,antibody,,,70.0,,15.0,3.22,,,-0.0,,,,,"{'esm1v': 2.947, 'ablang': 0.021, 'n_liabilities': 0, 'mutations': 'A33H', 'cdr': 'CDR1', 'synthetic': True}",0,0.7,['failed L1 self-consistency']
EXAMPLE_DATA_CDR2_I48F,,antibody,,,70.0,,16.0,2.55,,,-0.0,,,,,"{'esm1v': 1.206, 'ablang': 0.144, 'n_liabilities': 0, 'mutations': 'I48F', 'cdr': 'CDR2', 'synthetic': True}",0,0.7,['failed L1 self-consistency']
EXAMPLE_DATA_CDR2_I48W,,antibody,,,70.0,,17.0,3.48,,,-1.0,,,,,"{'esm1v': 1.049, 'ablang': 0.654, 'n_liabilities': 1, 'mutations': 'I48W', 'cdr': 'CDR2', 'synthetic': True}",0,0.7,['failed L1 self-consistency']
EXAMPLE_DATA_CDR2_I48Y,,antibody,,,70.0,,13.0,3.36,,,-0.0,,,,,"{'esm1v': -1.303, 'ablang': 0.952, 'n_liabilities': 0, 'mutations': 'I48Y', 'cdr': 'CDR2', 'synthetic': True}",0,0.7,['failed L1 self-consistency']
EXAMPLE_DATA_CDR2_S49E,,antibody,,,70.0,,14.0,3.57,,,-0.0,,,,,"{'esm1v': 2.192, 'ablang': 0.265, 'n_liabilities': 0, 'mutations': 'S49E', 'cdr': 'CDR2', 'synthetic': True}",0,0.7,['failed L1 self-consistency']
EXAMPLE_DATA_CDR2_S49F,,antibody,,,70.0,,19.0,3.38,,,-0.0,,,,,"{'esm1v': 0.8, 'ablang': 0.331, 'n_liabilities': 0, 'mutations': 'S49F', 'cdr': 'CDR2', 'synthetic': True}",0,0.7,['failed L1 self-consistency']
EXAMPLE_DATA_CDR2_S49K,,antibody,,,70.0,,18.0,3.57,,,-0.0,,,,,"{'esm1v': -1.942, 'ablang': 0.001, 'n_liabilities': 0, 'mutations': 'S49K', 'cdr': 'CDR2', 'synthetic': True}",0,0.7,['failed L1 self-consistency']
EXAMPLE_DATA_CDR2_S49V,,antibody,,,70.0,,17.0,3.08,,,-0.0,,,,,"{'esm1v': 1.447, 'ablang': 0.41, 'n_liabilities': 0, 'mutations': 'S49V', 'cdr': 'CDR2', 'synthetic': True}",0,0.7,['failed L1 self-consistency']
EXAMPLE_DATA_CDR2_G50I,,antibody,,,70.0,,17.0,2.96,,,-0.0,,,,,"{'esm1v': 2.471, 'ablang': 0.556, 'n_liabilities': 0, 'mutations': 'G50I', 'cdr': 'CDR2', 'synthetic': True}",0,0.7,['failed L1 self-consistency']
EXAMPLE_DATA_CDR2_G50Q,,antibody,,,70.0,,15.0,3.42,,,-0.0,,,,,"{'esm1v': -0.241, 'ablang': 0.928, 'n_liabilities': 0, 'mutations': 'G50Q', 'cdr': 'CDR2', 'synthetic': True}",0,0.7,['failed L1 self-consistency']
EXAMPLE_DATA_CDR2_G50Y,,antibody,,,70.0,,19.0,3.22,,,-0.0,,,,,"{'esm1v': 0.516, 'ablang': 0.979, 'n_liabilities': 0, 'mutations': 'G50Y', 'cdr': 'CDR2', 'synthetic': True}",0,0.7,['failed L1 self-consistency']
EXAMPLE_DATA_CDR2_S51C,,antibody,,,70.0,,14.0,3.37,,,-1.0,,,,,"{'esm1v': 1.273, 'ablang': 0.178, 'n_liabilities': 1, 'mutations': 'S51C', 'cdr': 'CDR2', 'synthetic': True}",0,0.7,['failed L1 self-consistency']
EXAMPLE_DATA_CDR2_S51E,,antibody,,,70.0,,12.0,3.19,,,-0.0,,,,,"{'esm1v': 2.271, 'ablang': 0.751, 'n_liabilities': 0, 'mutations': 'S51E', 'cdr': 'CDR2', 'synthetic': True}",0,0.7,['failed L1 self-consistency']
EXAMPLE_DATA_CDR2_S51F,,antibody,,,70.0,,15.0,2.5,,,-0.0,,,,,"{'esm1v': -2.332, 'ablang': 0.456, 'n_liabilities': 0, 'mutations': 'S51F', 'cdr': 'CDR2', 'synthetic': True}",0,0.7,['failed L1 self-consistency']
EXAMPLE_DATA_CDR2_S51L,,antibody,,,70.0,,14.0,3.01,,,-0.0,,,,,"{'esm1v': 2.327, 'ablang': 0.561, 'n_liabilities': 0, 'mutations': 'S51L', 'cdr': 'CDR2', 'synthetic': True}",0,0.7,['failed L1 self-consistency']
EXAMPLE_DATA_CDR2_G52M,,antibody,,,70.0,,18.0,3.37,,,-1.0,,,,,"{'esm1v': -2.235, 'ablang': 0.984, 'n_liabilities': 1, 'mutations': 'G52M', 'cdr': 'CDR2', 'synthetic': True}",0,0.7,['failed L1 self-consistency']
EXAMPLE_DATA_CDR2_G52V,,antibody,,,70.0,,17.0,3.0,,,-0.0,,,,,"{'esm1v': 2.953, 'ablang': 0.814, 'n_liabilities': 0, 'mutations': 'G52V', 'cdr': 'CDR2', 'synthetic': True}",0,0.7,['failed L1 self-consistency']
EXAMPLE_DATA_CDR2_G53F,,antibody,,,70.0,,14.0,3.29,,,-0.0,,,,,"{'esm1v': 0.567, 'ablang': 0.258, 'n_liabilities': 0, 'mutations': 'G53F', 'cdr': 'CDR2', 'synthetic': True}",0,0.7,['failed L1 self-consistency']
EXAMPLE_DATA_CDR2_G53H,,antibody,,,70.0,,18.0,2.57,,,-0.0,,,,,"{'esm1v': 0.373, 'ablang': 0.954, 'n_liabilities': 0, 'mutations': 'G53H', 'cdr': 'CDR2', 'synthetic': True}",0,0.7,['failed L1 self-consistency']
EXAMPLE_DATA_CDR2_G53Y,,antibody,,,70.0,,15.0,2.66,,,-0.0,,,,,"{'esm1v': 1.713, 'ablang': 0.437, 'n_liabilities': 0, 'mutations': 'G53Y', 'cdr': 'CDR2', 'synthetic': True}",0,0.7,['failed L1 self-consistency']
EXAMPLE_DATA_CDR2_S54I,,antibody,,,70.0,,16.0,3.59,,,-0.0,,,,,"{'esm1v': 2.855, 'ablang': 0.298, 'n_liabilities': 0, 'mutations': 'S54I', 'cdr': 'CDR2', 'synthetic': True}",0,0.7,['failed L1 self-consistency']
EXAMPLE_DATA_CDR2_S54W,,antibody,,,70.0,,13.0,3.52,,,-1.0,,,,,"{'esm1v': 0.25, 'ablang': 0.727, 'n_liabilities': 1, 'mutations': 'S54W', 'cdr': 'CDR2', 'synthetic': True}",0,0.7,['failed L1 self-consistency']
EXAMPLE_DATA_CDR2_T55G,,antibody,,,70.0,,17.0,3.0,,,-0.0,,,,,"{'esm1v': 2.77, 'ablang': 0.448, 'n_liabilities': 0, 'mutations': 'T55G', 'cdr': 'CDR2', 'synthetic': True}",0,0.7,['failed L1 self-consistency']
EXAMPLE_DATA_CDR2_T55H,,antibody,,,70.0,,16.0,2.95,,,-0.0,,,,,"{'esm1v': 2.678, 'ablang': 0.085, 'n_liabilities': 0, 'mutations': 'T55H', 'cdr': 'CDR2', 'synthetic': True}",0,0.7,['failed L1 self-consistency']
EXAMPLE_DATA_CDR3_A86M,,antibody,,,70.0,,13.0,3.4,,,-1.0,,,,,"{'esm1v': -0.525, 'ablang': 0.553, 'n_liabilities': 1, 'mutations': 'A86M', 'cdr': 'CDR3', 'synthetic': True}",0,0.7,['failed L1 self-consistency']
EXAMPLE_DATA_CDR3_R87K,,antibody,,,70.0,,16.0,2.59,,,-0.0,,,,,"{'esm1v': -2.933, 'ablang': 0.948, 'n_liabilities': 0, 'mutations': 'R87K', 'cdr': 'CDR3', 'synthetic': True}",0,0.7,['failed L1 self-consistency']
EXAMPLE_DATA_CDR3_D88C,,antibody,,,70.0,,18.0,3.25,,,-1.0,,,,,"{'esm1v': -2.603, 'ablang': 0.843, 'n_liabilities': 1, 'mutations': 'D88C', 'cdr': 'CDR3', 'synthetic': True}",0,0.7,['failed L1 self-consistency']
EXAMPLE_DATA_CDR3_D88E,,antibody,,,70.0,,19.0,2.94,,,-0.0,,,,,"{'esm1v': -2.389, 'ablang': 0.144, 'n_liabilities': 0, 'mutations': 'D88E', 'cdr': 'CDR3', 'synthetic': True}",0,0.7,['failed L1 self-consistency']
EXAMPLE_DATA_CDR3_D88H,,antibody,,,70.0,,16.0,3.23,,,-0.0,,,,,"{'esm1v': -0.941, 'ablang': 0.747, 'n_liabilities': 0, 'mutations': 'D88H', 'cdr': 'CDR3', 'synthetic': True}",0,0.7,['failed L1 self-consistency']
EXAMPLE_DATA_CDR3_D88T,,antibody,,,70.0,,13.0,2.64,,,-0.0,,,,,"{'esm1v': -2.417, 'ablang': 0.752, 'n_liabilities': 0, 'mutations': 'D88T', 'cdr': 'CDR3', 'synthetic': True}",0,0.7,['failed L1 self-consistency']
EXAMPLE_DATA_CDR3_D88V,,antibody,,,70.0,,13.0,2.52,,,-0.0,,,,,"{'esm1v': 1.647, 'ablang': 0.178, 'n_liabilities': 0, 'mutations': 'D88V', 'cdr': 'CDR3', 'synthetic': True}",0,0.7,['failed L1 self-consistency']
EXAMPLE_DATA_CDR3_D88W,,antibody,,,70.0,,13.0,2.56,,,-1.0,,,,,"{'esm1v': 1.6, 'ablang': 0.94, 'n_liabilities': 1, 'mutations': 'D88W', 'cdr': 'CDR3', 'synthetic': True}",0,0.7,['failed L1 self-consistency']
EXAMPLE_DATA_CDR3_D88Y,,antibody,,,70.0,,17.0,2.64,,,-0.0,,,,,"{'esm1v': -1.718, 'ablang': 0.769, 'n_liabilities': 0, 'mutations': 'D88Y', 'cdr': 'CDR3', 'synthetic': True}",0,0.7,['failed L1 self-consistency']
EXAMPLE_DATA_CDR3_R89A,,antibody,,,70.0,,13.0,3.12,,,-0.0,,,,,"{'esm1v': 2.768, 'ablang': 0.269, 'n_liabilities': 0, 'mutations': 'R89A', 'cdr': 'CDR3', 'synthetic': True}",0,0.7,['failed L1 self-consistency']
EXAMPLE_DATA_CDR3_R89E,,antibody,,,70.0,,20.0,2.55,,,-0.0,,,,,"{'esm1v': -2.76, 'ablang': 0.111, 'n_liabilities': 0, 'mutations': 'R89E', 'cdr': 'CDR3', 'synthetic': True}",0,0.7,['failed L1 self-consistency']
EXAMPLE_DATA_CDR3_R89F,,antibody,,,70.0,,18.0,3.41,,,-0.0,,,,,"{'esm1v': -1.509, 'ablang': 0.478, 'n_liabilities': 0, 'mutations': 'R89F', 'cdr': 'CDR3', 'synthetic': True}",0,0.7,['failed L1 self-consistency']
EXAMPLE_DATA_CDR3_R89M,,antibody,,,70.0,,16.0,3.59,,,-1.0,,,,,"{'esm1v': -2.809, 'ablang': 0.344, 'n_liabilities': 1, 'mutations': 'R89M', 'cdr': 'CDR3', 'synthetic': True}",0,0.7,['failed L1 self-consistency']
EXAMPLE_DATA_CDR3_R89N,,antibody,,,70.0,,20.0,2.75,,,-1.0,,,,,"{'esm1v': 0.118, 'ablang': 0.135, 'n_liabilities': 1, 'mutations': 'R89N', 'cdr': 'CDR3', 'synthetic': True}",0,0.7,['failed L1 self-consistency']
EXAMPLE_DATA_CDR3_R89P,,antibody,,,70.0,,17.0,3.36,,,-0.0,,,,,"{'esm1v': -2.076, 'ablang': 0.559, 'n_liabilities': 0, 'mutations': 'R89P', 'cdr': 'CDR3', 'synthetic': True}",0,0.7,['failed L1 self-consistency']
EXAMPLE_DATA_CDR3_R89T,,antibody,,,70.0,,14.0,2.61,,,-0.0,,,,,"{'esm1v': -0.301, 'ablang': 0.85, 'n_liabilities': 0, 'mutations': 'R89T', 'cdr': 'CDR3', 'synthetic': True}",0,0.7,['failed L1 self-consistency']
EXAMPLE_DATA_CDR3_R89W,,antibody,,,70.0,,18.0,2.77,,,-1.0,,,,,"{'esm1v': 0.439, 'ablang': 0.964, 'n_liabilities': 1, 'mutations': 'R89W', 'cdr': 'CDR3', 'synthetic': True}",0,0.7,['failed L1 self-consistency']
EXAMPLE_DATA_CDR3_G90Q,,antibody,,,70.0,,20.0,3.15,,,-0.0,,,,,"{'esm1v': -1.805, 'ablang': 0.365, 'n_liabilities': 0, 'mutations': 'G90Q', 'cdr': 'CDR3', 'synthetic': True}",0,0.7,['failed L1 self-consistency']
EXAMPLE_DATA_CDR3_G90Y,,antibody,,,70.0,,20.0,3.27,,,-0.0,,,,,"{'esm1v': 2.12, 'ablang': 0.928, 'n_liabilities': 0, 'mutations': 'G90Y', 'cdr': 'CDR3', 'synthetic': True}",0,0.7,['failed L1 self-consistency']
EXAMPLE_DATA_CDR3_L91A,,antibody,,,70.0,,20.0,3.23,,,-0.0,,,,,"{'esm1v': -1.166, 'ablang': 0.573, 'n_liabilities': 0, 'mutations': 'L91A', 'cdr': 'CDR3', 'synthetic': True}",0,0.7,['failed L1 self-consistency']
EXAMPLE_DATA_CDR3_L91F,,antibody,,,70.0,,15.0,3.54,,,-0.0,,,,,"{'esm1v': -0.425, 'ablang': 0.207, 'n_liabilities': 0, 'mutations': 'L91F', 'cdr': 'CDR3', 'synthetic': True}",0,0.7,['failed L1 self-consistency']
EXAMPLE_DATA_CDR3_L91G,,antibody,,,70.0,,12.0,3.55,,,-0.0,,,,,"{'esm1v': 1.701, 'ablang': 0.386, 'n_liabilities': 0, 'mutations': 'L91G', 'cdr': 'CDR3', 'synthetic': True}",0,0.7,['failed L1 self-consistency']
EXAMPLE_DATA_CDR3_L91K,,antibody,,,70.0,,14.0,3.41,,,-0.0,,,,,"{'esm1v': 2.571, 'ablang': 0.469, 'n_liabilities': 0, 'mutations': 'L91K', 'cdr': 'CDR3', 'synthetic': True}",0,0.7,['failed L1 self-consistency']
EXAMPLE_DATA_CDR3_L91Q,,antibody,,,70.0,,15.0,3.26,,,-0.0,,,,,"{'esm1v': 2.845, 'ablang': 0.663, 'n_liabilities': 0, 'mutations': 'L91Q', 'cdr': 'CDR3', 'synthetic': True}",0,0.7,['failed L1 self-consistency']
EXAMPLE_DATA_CDR3_L91W,,antibody,,,70.0,,19.0,3.1,,,-1.0,,,,,"{'esm1v': 1.084, 'ablang': 0.748, 'n_liabilities': 1, 'mutations': 'L91W', 'cdr': 'CDR3', 'synthetic': True}",0,0.7,['failed L1 self-consistency']
EXAMPLE_DATA_CDR3_G92I,,antibody,,,70.0,,16.0,3.43,,,-0.0,,,,,"{'esm1v': -2.586, 'ablang': 0.522, 'n_liabilities': 0, 'mutations': 'G92I', 'cdr': 'CDR3', 'synthetic': True}",0,0.7,['failed L1 self-consistency']
EXAMPLE_DATA_CDR3_G92L,,antibody,,,70.0,,14.0,3.13,,,-0.0,,,,,"{'esm1v': 0.803, 'ablang': 0.976, 'n_liabilities': 0, 'mutations': 'G92L', 'cdr': 'CDR3', 'synthetic': True}",0,0.7,['failed L1 self-consistency']
EXAMPLE_DATA_CDR3_G92R,,antibody,,,70.0,,12.0,3.07,,,-0.0,,,,,"{'esm1v': 0.634, 'ablang': 0.518, 'n_liabilities': 0, 'mutations': 'G92R', 'cdr': 'CDR3', 'synthetic': True}",0,0.7,['failed L1 self-consistency']
EXAMPLE_DATA_CDR3_G92Y,,antibody,,,70.0,,18.0,2.93,,,-0.0,,,,,"{'esm1v': -0.113, 'ablang': 0.666, 'n_liabilities': 0, 'mutations': 'G92Y', 'cdr': 'CDR3', 'synthetic': True}",0,0.7,['failed L1 self-consistency']
EXAMPLE_DATA_CDR3_Y93Q,,antibody,,,70.0,,18.0,3.09,,,-0.0,,,,,"{'esm1v': -2.588, 'ablang': 0.498, 'n_liabilities': 0, 'mutations': 'Y93Q', 'cdr': 'CDR3', 'synthetic': True}",0,0.7,['failed L1 self-consistency']
EXAMPLE_DATA_CDR3_F94A,,antibody,,,70.0,,20.0,2.99,,,-0.0,,,,,"{'esm1v': 1.475, 'ablang': 0.262, 'n_liabilities': 0, 'mutations': 'F94A', 'cdr': 'CDR3', 'synthetic': True}",0,0.7,['failed L1 self-consistency']
EXAMPLE_DATA_CDR3_F94I,,antibody,,,70.0,,12.0,3.39,,,-0.0,,,,,"{'esm1v': -2.906, 'ablang': 0.137, 'n_liabilities': 0, 'mutations': 'F94I', 'cdr': 'CDR3', 'synthetic': True}",0,0.7,['failed L1 self-consistency']
EXAMPLE_DATA_CDR3_F94K,,antibody,,,70.0,,12.0,3.07,,,-0.0,,,,,"{'esm1v': -0.465, 'ablang': 0.012, 'n_liabilities': 0, 'mutations': 'F94K', 'cdr': 'CDR3', 'synthetic': True}",0,0.7,['failed L1 self-consistency']
EXAMPLE_DATA_CDR3_D95C,,antibody,,,70.0,,15.0,3.58,,,-1.0,,,,,"{'esm1v': 2.483, 'ablang': 0.898, 'n_liabilities': 1, 'mutations': 'D95C', 'cdr': 'CDR3', 'synthetic': True}",0,0.7,['failed L1 self-consistency']
EXAMPLE_DATA_CDR3_D95F,,antibody,,,70.0,,20.0,3.51,,,-0.0,,,,,"{'esm1v': -0.007, 'ablang': 0.184, 'n_liabilities': 0, 'mutations': 'D95F', 'cdr': 'CDR3', 'synthetic': True}",0,0.7,['failed L1 self-consistency']
EXAMPLE_DATA_CDR3_D95Q,,antibody,,,70.0,,15.0,2.74,,,-0.0,,,,,"{'esm1v': 1.481, 'ablang': 0.744, 'n_liabilities': 0, 'mutations': 'D95Q', 'cdr': 'CDR3', 'synthetic': True}",0,0.7,['failed L1 self-consistency']
EXAMPLE_DATA_CDR3_D95Y,,antibody,,,70.0,,14.0,2.65,,,-0.0,,,,,"{'esm1v': 1.2, 'ablang': 0.984, 'n_liabilities': 0, 'mutations': 'D95Y', 'cdr': 'CDR3', 'synthetic': True}",0,0.7,['failed L1 self-consistency']
EXAMPLE_DATA_CDR3_Y96E,,antibody,,,70.0,,15.0,2.9,,,-0.0,,,,,"{'esm1v': 0.97, 'ablang': 0.025, 'n_liabilities': 0, 'mutations': 'Y96E', 'cdr': 'CDR3', 'synthetic': True}",0,0.7,['failed L1 self-consistency']
EXAMPLE_DATA_CDR3_Y96M,,antibody,,,70.0,,18.0,2.57,,,-1.0,,,,,"{'esm1v': 0.07, 'ablang': 0.527, 'n_liabilities': 1, 'mutations': 'Y96M', 'cdr': 'CDR3', 'synthetic': True}",0,0.7,['failed L1 self-consistency']
EXAMPLE_DATA_CDR3_Y96S,,antibody,,,70.0,,20.0,3.39,,,-1.0,,,,,"{'esm1v': 2.231, 'ablang': 0.352, 'n_liabilities': 1, 'mutations': 'Y96S', 'cdr': 'CDR3', 'synthetic': True}",0,0.7,['failed L1 self-consistency']
EXAMPLE_DATA_CDR3_Y96V,,antibody,,,70.0,,14.0,3.13,,,-0.0,,,,,"{'esm1v': -1.282, 'ablang': 0.545, 'n_liabilities': 0, 'mutations': 'Y96V', 'cdr': 'CDR3', 'synthetic': True}",0,0.7,['failed L1 self-consistency']
EXAMPLE_DATA_MPNN_CDR1_002,,antibody,,,70.0,,20.0,2.99,,,-2.0,,,,,"{'esm1v': nan, 'ablang': 0.001, 'n_liabilities': 2, 'mutations': 'G26K+F27L+T28R+F29Y+S30K+D31C+Y32M+A33E', 'cdr': 'CDR1', 'synthetic': True}",0,0.7,['failed L1 self-consistency']
EXAMPLE_DATA_MPNN_CDR1_005,,antibody,,,70.0,,16.0,3.03,,,-0.0,,,,,"{'esm1v': nan, 'ablang': 0.468, 'n_liabilities': 0, 'mutations': 'G26Q+F27H+T28N+S30G+Y32E+A33F', 'cdr': 'CDR1', 'synthetic': True}",0,0.7,['failed L1 self-consistency']
EXAMPLE_DATA_MPNN_CDR2_001,,antibody,,,70.0,,13.0,3.56,,,-1.0,,,,,"{'esm1v': nan, 'ablang': 0.916, 'n_liabilities': 1, 'mutations': 'I48D+S49N+G50A+S51L+G52M+G53S+S54F+T55V', 'cdr': 'CDR2', 'synthetic': True}",0,0.7,['failed L1 self-consistency']
EXAMPLE_DATA_MPNN_CDR2_002,,antibody,,,70.0,,13.0,2.96,,,-2.0,,,,,"{'esm1v': nan, 'ablang': 0.016, 'n_liabilities': 2, 'mutations': 'I48E+S49F+G50V+S51R+G52Y+G53P+S54C+T55M', 'cdr': 'CDR2', 'synthetic': True}",0,0.7,['failed L1 self-consistency']
EXAMPLE_DATA_MPNN_CDR3_001,,antibody,,,70.0,,18.0,3.01,,,-1.0,,,,,"{'esm1v': nan, 'ablang': 0.731, 'n_liabilities': 1, 'mutations': 'A86K+R87G+D88M+R89N+G90T+L91G+G92H+F94T+D95V+Y96H', 'cdr': 'CDR3', 'synthetic': True}",0,0.7,['failed L1 self-consistency']
EXAMPLE_DATA_MPNN_CDR3_006,,antibody,,,70.0,,20.0,3.39,,,-1.0,,,,,"{'esm1v': nan, 'ablang': 0.099, 'n_liabilities': 1, 'mutations': 'A86M+R87I+D88K+R89G+G90R+L91N+G92K+Y93G+F94R+D95N+Y96T', 'cdr': 'CDR3', 'synthetic': True}",0,0.7,['failed L1 self-consistency']
